Authors,Link
"Akter S., Wamba S.F., Gunasekaran A., Dubey R., Childe S.J.","https://www.scopus.com/inward/record.uri?eid=2-s2.0-84983595576&partnerID=40&md5=a72e9738d5c5b8381cf9ecfdae6e6051"
"Motta G., Puccinelli R., Reggiani L., Saccone M.","https://www.scopus.com/inward/record.uri?eid=2-s2.0-84975503840&partnerID=40&md5=7ee247913cc0ca90762111c202faa8b4"
"Wang H., Xu Z., Fujita H., Liu S.","https://www.scopus.com/inward/record.uri?eid=2-s2.0-84978904004&partnerID=40&md5=dcc7cbc94dc95d29f9fbf3c70a18771b"
"Yu C., Matta A.","https://www.scopus.com/inward/record.uri?eid=2-s2.0-84953231341&partnerID=40&md5=34e873f2a6d2ff198ad442a91ee4ff82"
"Loh C.S., Li I.-H., Sheng Y.","https://www.scopus.com/inward/record.uri?eid=2-s2.0-84979871439&partnerID=40&md5=69256b435ab36274dd698c15f371508f"
"Jiang F., Rho S., Chen B.-W., Li K., Zhao D.","https://www.scopus.com/inward/record.uri?eid=2-s2.0-84910644036&partnerID=40&md5=dcf216cb9a2ac325cb05e6fb6c2f0bc4"
"Xu W., Shao L., Yao B., Zhou Z., Pham D.T.","https://www.scopus.com/inward/record.uri?eid=2-s2.0-84984662918&partnerID=40&md5=288934ddbd7d5435e40295dfe01a0f83"
"Garrigos-Simon F.J., Llorente R., Morant M., Narangajavana Y.","https://www.scopus.com/inward/record.uri?eid=2-s2.0-84989270963&partnerID=40&md5=e100e14be5f8e944a209ee895a09b77a"
"Alemayehu D., Berger M.L.","https://www.scopus.com/inward/record.uri?eid=2-s2.0-84960097469&partnerID=40&md5=8d553d45425f3f919fa6ed0a06d5c2fa"
"Krumeich J., Werth D., Loos P.","https://www.scopus.com/inward/record.uri?eid=2-s2.0-84978430438&partnerID=40&md5=dfec0602e5d257d8216082dabc08ac95"
"Yahaya J.H., Deraman A., Abai N.H.Z., Mansor Z., Jusoh Y.Y.","https://www.scopus.com/inward/record.uri?eid=2-s2.0-84984950392&partnerID=40&md5=0eea20a32a0e6a3a53301092e8aabdaf"
"Bauer C., Siddiqui Z.-F., Beuttler M., Bauer K.","https://www.scopus.com/inward/record.uri?eid=2-s2.0-84978834538&partnerID=40&md5=88179c78491dfba32af514370b158c37"
"Klenner F., Lenze D., Schwarzer S., Deuse J., Friedrich T.","https://www.scopus.com/inward/record.uri?eid=2-s2.0-84978818252&partnerID=40&md5=48624495115d0f393d01bdd251f6bf36"
"Raman A.","https://www.scopus.com/inward/record.uri?eid=2-s2.0-84924311301&partnerID=40&md5=121d93d8bc1a5b58dbf9ae9665964514"
"De Oliveira M.P.V., Cavalcanti C.X., Ladeirac M.B., McCormack K.P.","https://www.scopus.com/inward/record.uri?eid=2-s2.0-84979964877&partnerID=40&md5=f7d2660b13953c1394acee2121554546"
"Amaye A., Neville K., Pope A.","https://www.scopus.com/inward/record.uri?eid=2-s2.0-84976479423&partnerID=40&md5=ed718918c2eaa246a6f5215d82525f0f"
"Munro D.L., Madan M.S.","https://www.scopus.com/inward/record.uri?eid=2-s2.0-84976515145&partnerID=40&md5=26f7af7ecbe102765b9f37f8ac8c7339"
"Sammon D., McNulty J., Sugrue A.","https://www.scopus.com/inward/record.uri?eid=2-s2.0-84976463666&partnerID=40&md5=49d106e18fd82eadbbc6e566b5b325f3"
"Frizzo-Barker J., Chow-White P.A., Mozafari M., Ha D.","https://www.scopus.com/inward/record.uri?eid=2-s2.0-84958158623&partnerID=40&md5=5765222c05fa809245f736b481583d8a"
"Richter A.","https://www.scopus.com/inward/record.uri?eid=2-s2.0-84973162108&partnerID=40&md5=1ba240fc5b9fc0640379024a2e082d5c"
"Brodsky A., Shao G., Riddick F.","https://www.scopus.com/inward/record.uri?eid=2-s2.0-84896553252&partnerID=40&md5=ea44e1b846b35294d4face0137484c79"
[No author name available],"https://www.scopus.com/inward/record.uri?eid=2-s2.0-84982972458&partnerID=40&md5=555482a6a510366fc7e2d0d0af995eb3"
"Simon M., Van Den Driest F., Wilms T.","https://www.scopus.com/inward/record.uri?eid=2-s2.0-84975062409&partnerID=40&md5=ae6d51dea33e7eeaf573b1b0cbfd64fd"
"Zhang J., Gao L., Qin W., Lyu Y., Li X.","https://www.scopus.com/inward/record.uri?eid=2-s2.0-84974667629&partnerID=40&md5=65c284937f0413ceb3f2d83bddbe373e"
"Gangotra A., Shankar R.","https://www.scopus.com/inward/record.uri?eid=2-s2.0-84962645715&partnerID=40&md5=50dc0f2ce63093cec7fa20f074a37ecc"
"Eberle L., Sugiyama H., Papadokonstantakis S., Graser A., Schmidt R., Hungerbühler K.","https://www.scopus.com/inward/record.uri?eid=2-s2.0-84955611267&partnerID=40&md5=57594a56650c4154ab4d710112e22138"
"Höchtl J., Parycek P., Schöllhammer R.","https://www.scopus.com/inward/record.uri?eid=2-s2.0-84961241512&partnerID=40&md5=77053de3af35f85665eec4b7da8200da"
"Moore P.","https://www.scopus.com/inward/record.uri?eid=2-s2.0-84962815114&partnerID=40&md5=28b0f158055231f054d658c4bad1515f"
"Li X., Song J., Huang B.","https://www.scopus.com/inward/record.uri?eid=2-s2.0-84941359900&partnerID=40&md5=4af7fe5c45291338725fc29445287439"
"Dubey R., Gunasekaran A., Childe S.J., Wamba S.F., Papadopoulos T.","https://www.scopus.com/inward/record.uri?eid=2-s2.0-84941347880&partnerID=40&md5=34830d2cf831036bb9761f911e027b21"
"Zhong R.Y., Lan S., Xu C., Dai Q., Huang G.Q.","https://www.scopus.com/inward/record.uri?eid=2-s2.0-84939421306&partnerID=40&md5=77c8d04d325a8a2932854d0d38923503"
"Liu Z., Wang Y., Cai L., Cheng Q., Zhang H.","https://www.scopus.com/inward/record.uri?eid=2-s2.0-84946782544&partnerID=40&md5=19fe32fb04c911b11c7c24f22d765459"
"Unoura H.","https://www.scopus.com/inward/record.uri?eid=2-s2.0-84964788995&partnerID=40&md5=558c9307926116c1473034391ffb0138"
"Chiba H., Kamuro S., Nomura Y.","https://www.scopus.com/inward/record.uri?eid=2-s2.0-84964226625&partnerID=40&md5=8134d4b8ebbb6fa1e70d50c0bf3f5cc4"
"Bikku T., Sambasiva Rao N., Akepogu A.R.","https://www.scopus.com/inward/record.uri?eid=2-s2.0-84962826213&partnerID=40&md5=e29abcc68314aaf7a370dce11177a1fb"
"Tsuji S., Omori H., Samejima K., Yano K.","https://www.scopus.com/inward/record.uri?eid=2-s2.0-84962680386&partnerID=40&md5=b172f44773f2d37d511d9c57ed8b904b"
"Chee T.C., Baharudin A.S., Karkonasasi K.","https://www.scopus.com/inward/record.uri?eid=2-s2.0-84961744657&partnerID=40&md5=62a3eca61cc65b3d8fad9cf79a4763d0"
"Troilo M., Bouchet A., Urban T.L., Sutton W.A.","https://www.scopus.com/inward/record.uri?eid=2-s2.0-84949091565&partnerID=40&md5=a987196b88f2912a4f9e3b19d0433aac"
"Hatch R.S.","https://www.scopus.com/inward/record.uri?eid=2-s2.0-84959266485&partnerID=40&md5=4345df2c2d719226fed9cb267cd14ba9"
"Wagner S., Brandt T., Neumann D.","https://www.scopus.com/inward/record.uri?eid=2-s2.0-84949099396&partnerID=40&md5=fda041351999e1366eea123cedb0398d"
"Datnow A., Hubbard L.","https://www.scopus.com/inward/record.uri?eid=2-s2.0-84957433578&partnerID=40&md5=71fdf693813956038a3919df7ee2b47c"
"Massis B.","https://www.scopus.com/inward/record.uri?eid=2-s2.0-84953714550&partnerID=40&md5=9aefacab9f17a9caa61f6ae127ece976"
"Fulker D., Timur A., Dew K., Butler J.","https://www.scopus.com/inward/record.uri?eid=2-s2.0-84958173624&partnerID=40&md5=51e24244ba66fa414a0dc49792c8ed6a"
"Hartmann P.M., Zaki M., Feldmann N., Neely A.","https://www.scopus.com/inward/record.uri?eid=2-s2.0-84989261697&partnerID=40&md5=7a965b8c9529a2eec7b28d02a979746a"
"Ranjan S., Jha V.K., Pal P.","https://www.scopus.com/inward/record.uri?eid=2-s2.0-84989264354&partnerID=40&md5=cd7b1e4149e045c4fb81c2d15288106b"
"Liu P., Yi S.-P.","https://www.scopus.com/inward/record.uri?eid=2-s2.0-84973497156&partnerID=40&md5=d6174ca6cf6fd0d59d01cd19631388e9"
"Faller P., Hunt J., Van Hooydonk E., Mailloux Z., Schaaf R.","https://www.scopus.com/inward/record.uri?eid=2-s2.0-84957900857&partnerID=40&md5=01b8a95d1b2f85c05bddfbbca3c1328f"
"Faller P., Hunt J., van Hooydonk E., Mailloux Z., Schaaf R.","https://www.scopus.com/inward/record.uri?eid=2-s2.0-84976546307&partnerID=40&md5=0db0f6dd6753481edba0611389ee16a5"
"Li J.-L., Yan W.-W., Bai X.-H., Shao H.-H.","https://www.scopus.com/inward/record.uri?eid=2-s2.0-84959527409&partnerID=40&md5=4a7c51bb6c947312bd3aa4be52c50f43"
"Xu J., Sun K., Xu L.","https://www.scopus.com/inward/record.uri?eid=2-s2.0-84949220678&partnerID=40&md5=661f9ffcae42983f2b25914ad09f1146"
"Palanimalai S., Paramasivam I.","https://www.scopus.com/inward/record.uri?eid=2-s2.0-84964539511&partnerID=40&md5=c26920ab70b3c46bc5bd324be5749ff7"
"Kirubakaran A., Aramudhan M.","https://www.scopus.com/inward/record.uri?eid=2-s2.0-84976416932&partnerID=40&md5=1cb65a09a6451e8dbb6ba6df057e4844"
"Vera-Baquero A., Colomo-Palacios R., Molloy O.","https://www.scopus.com/inward/record.uri?eid=2-s2.0-84951084855&partnerID=40&md5=88d70840e41352e48b45e9007d61ea2c"
"Yang H.-S.","https://www.scopus.com/inward/record.uri?eid=2-s2.0-84962106128&partnerID=40&md5=4d53b3e3b81f6eba1f8b7820a5764b65"
"Chongwatpol J.","https://www.scopus.com/inward/record.uri?eid=2-s2.0-84988900369&partnerID=40&md5=85744a98c94a5ef96796270147405073"
"Kim H., Choi M., Jeon B., Kim H.","https://www.scopus.com/inward/record.uri?eid=2-s2.0-84958038419&partnerID=40&md5=a946d5172b30920e564ec690d15baf45"
"Comuzzi M., Patel A.","https://www.scopus.com/inward/record.uri?eid=2-s2.0-84988867540&partnerID=40&md5=9df04655bd97b9326bc027dae24b00a4"
"Kumaran S.R., Othman M.S., Yusuf L.M.","https://www.scopus.com/inward/record.uri?eid=2-s2.0-84988422728&partnerID=40&md5=5ee03f841321a6da8e615a06ea0d7733"
"Alexander A.S., Jothivenkateswaran C.","https://www.scopus.com/inward/record.uri?eid=2-s2.0-84989220575&partnerID=40&md5=9da345ff900d5406e77150ddbe5dbb42"
"Gong J.","https://www.scopus.com/inward/record.uri?eid=2-s2.0-84988596761&partnerID=40&md5=37a0387963d54c3b2317bc037751a4c8"
"Newcomer K., Brass C.T.","https://www.scopus.com/inward/record.uri?eid=2-s2.0-84990365392&partnerID=40&md5=b9cf7b0adcd25953b40f30e504248e7c"
"Hariharan V., Thangavel N.","https://www.scopus.com/inward/record.uri?eid=2-s2.0-84978791311&partnerID=40&md5=d6f7b5d4c79ccb3ba42b1b9ded9b82d2"
"Cegielski C.G., Jones-Farmer L.A.","https://www.scopus.com/inward/record.uri?eid=2-s2.0-84953751067&partnerID=40&md5=11b1060a24baa03e643c756b8f613265"
"Turel O., Kapoor B.","https://www.scopus.com/inward/record.uri?eid=2-s2.0-84978517789&partnerID=40&md5=26884d187d028e832b17faa1a86df88e"
"Tremblay M.C., Deckard G.J., Klein R.","https://www.scopus.com/inward/record.uri?eid=2-s2.0-84981249279&partnerID=40&md5=cb5e9f5ac2635af5593a1c491d5bd9b7"
"Mookherjee R., Mukherjee J., Martineau J., Xu L., Gullo M., Zhou K., Hazlewood A., Zhang X., Griarte F., Li N.","https://www.scopus.com/inward/record.uri?eid=2-s2.0-84956949305&partnerID=40&md5=2588f4287fbce130539a28fcf25c5ce0"
"Mohammadi M., Al-Azab F., Raahemi B., Richards G., Jaworska N., Smith D., De La Salle S., Blier P., Knott V.","https://www.scopus.com/inward/record.uri?eid=2-s2.0-84953356448&partnerID=40&md5=1b4329874ca452582409c79043b3916a"
"Sleesman D.J.","https://www.scopus.com/inward/record.uri?eid=2-s2.0-84964658728&partnerID=40&md5=ade9884e10390c2fb3d43de4ca6c7551"
"Ennas G., Biggio B., Di Guardo M.C.","https://www.scopus.com/inward/record.uri?eid=2-s2.0-84947128944&partnerID=40&md5=56ad17d269fa35e43f4eb015683afea6"
"Kowalczyk M., Buxmann P.","https://www.scopus.com/inward/record.uri?eid=2-s2.0-84943801062&partnerID=40&md5=4a71d20b13072c5c6462743fd7cf2866"
"Kim J., Lee W.","https://www.scopus.com/inward/record.uri?eid=2-s2.0-84969963360&partnerID=40&md5=d31a2ebe424e9cbbd4081803ff2f93ea"
"Payne D., Landry B.J.L., Dean M.D.","https://www.scopus.com/inward/record.uri?eid=2-s2.0-84945424531&partnerID=40&md5=5fba96b2db7b3bc7fbfdd210defd16b7"
"Gimenez Isasi N.K., Morosini Frazzon E., Uriona M.","https://www.scopus.com/inward/record.uri?eid=2-s2.0-84961875610&partnerID=40&md5=83be4c4bc6687763c46137451d8c692e"
"Van Alstin C.M.","https://www.scopus.com/inward/record.uri?eid=2-s2.0-84954595389&partnerID=40&md5=da5c3097dc5a3dff1757dd0a64bf98ed"
"Jack Weiner, Balijepally V., Tanniru M.","https://www.scopus.com/inward/record.uri?eid=2-s2.0-84952879124&partnerID=40&md5=d029c2f6a829223132e057a4993d7c95"
"Luo M., Yan H.-C., Hu B., Zhou J.-H., Pang C.K.","https://www.scopus.com/inward/record.uri?eid=2-s2.0-84929575154&partnerID=40&md5=e661ad35f1c89e23ea2eb04e2d39a926"
"Tsuda T., Inoue S., Kayahara A., Imai S.-I., Tanaka T., Sato N., Yasuda S.","https://www.scopus.com/inward/record.uri?eid=2-s2.0-84938794572&partnerID=40&md5=f5b6d11b67354f2c12d1d2f188e0e952"
"Cao G., Duan Y., Li G.","https://www.scopus.com/inward/record.uri?eid=2-s2.0-84937708992&partnerID=40&md5=6b5afdc3ee95b4af6f1d7b9f9073a2bd"
"Chongwatpol J.","https://www.scopus.com/inward/record.uri?eid=2-s2.0-84925299838&partnerID=40&md5=b57589c1a0cb1c404555f16b5dbddf31"
"Tate A.","https://www.scopus.com/inward/record.uri?eid=2-s2.0-84943521146&partnerID=40&md5=e4ca26e2d4b8e0d535ce081651a4c49a"
"Schwarz E.M., Krishnamurthy R.B., Parris C.J., Bradbury J.D., Nnebe I.M., Gschwind M.","https://www.scopus.com/inward/record.uri?eid=2-s2.0-84938935349&partnerID=40&md5=1fad346dfd7acdd0b6f5327c2bbf3b10"
"Wang L., Alexander C.A.","https://www.scopus.com/inward/record.uri?eid=2-s2.0-84954326921&partnerID=40&md5=fea8059eafd0fc1b8297622e4602ffed"
"Ronowicz J., Thommes M., Kleinebudde P., Krysiński J.","https://www.scopus.com/inward/record.uri?eid=2-s2.0-84926679926&partnerID=40&md5=7af14579b9de83df5180f15fa0047227"
"Basole R.C., Russell M.G., Huhtamäki J., Rubens N., Still K., Park H.","https://www.scopus.com/inward/record.uri?eid=2-s2.0-84937791797&partnerID=40&md5=3c54ac25f2059a3153fc32c63a80c1e1"
"Maté A., Llorens H., De Gregorio E., Tardío R., Gil D., Muñoz-Terol R., Trujillo J.","https://www.scopus.com/inward/record.uri?eid=2-s2.0-84954501166&partnerID=40&md5=77f55dc024f3c1ad0db5877c61eb7cd9"
"Gillespie G.","https://www.scopus.com/inward/record.uri?eid=2-s2.0-84941732626&partnerID=40&md5=836cb7cfbd47e673a4f9d596fe0976ec"
"Schaaf R.C.","https://www.scopus.com/inward/record.uri?eid=2-s2.0-84953715876&partnerID=40&md5=2a7e0d2153000c737ce4a6c35d15413b"
"Rivera J., Delaney S.","https://www.scopus.com/inward/record.uri?eid=2-s2.0-84965101537&partnerID=40&md5=203a09bf568f7ae5554077ad1cd3f62f"
"Marshall A., Mueck S., Shockley R.","https://www.scopus.com/inward/record.uri?eid=2-s2.0-84942118849&partnerID=40&md5=70d71965281a989f9490c488d6aadd7f"
"Brown-Liburd H., Issa H., Lombardi D.","https://www.scopus.com/inward/record.uri?eid=2-s2.0-84943526799&partnerID=40&md5=576fe180228c3e2ef50b40cf1c9a847f"
"Power D.J.","https://www.scopus.com/inward/record.uri?eid=2-s2.0-84929630623&partnerID=40&md5=0a09a14948b9ef4d2219a7e9dbc60a6c"
"Nguyen H.T.H., Cao J.","https://www.scopus.com/inward/record.uri?eid=2-s2.0-84930864350&partnerID=40&md5=2fedf410e54b5c0e7f90724cb2c9f9a6"
"Shibata T., Kurachi Y.","https://www.scopus.com/inward/record.uri?eid=2-s2.0-84928249660&partnerID=40&md5=974090a79646d1ebc19fddac6b35a1ca"
"De Buenaga M., Gachet D., Maña M.J., Mata J., Borrajo L., Lorenzo E.L.","https://www.scopus.com/inward/record.uri?eid=2-s2.0-84941210790&partnerID=40&md5=97a54bb3a1e8439205a633c05b730efc"
"Chen R.C., Gabriel P.E., Kavanagh B.D., McNutt T.R.","https://www.scopus.com/inward/record.uri?eid=2-s2.0-84969774580&partnerID=40&md5=601386c099e32e7481f234144fd9f3ff"
"Mallinger M.","https://www.scopus.com/inward/record.uri?eid=2-s2.0-84943778789&partnerID=40&md5=d0e28e25889117996cbe5c79d4648319"
"Bertei M., Marchi L., Buoncristiani D.","https://www.scopus.com/inward/record.uri?eid=2-s2.0-84969257664&partnerID=40&md5=2ca98501e01e8bbd42a593827d98494f"
"Moulik S., Misra S., Obaidat M.S.","https://www.scopus.com/inward/record.uri?eid=2-s2.0-84937678777&partnerID=40&md5=49bac5ff2c1fb836a217cf57d11d9ab9"
"Santos P.P., Tavares A.O.","https://www.scopus.com/inward/record.uri?eid=2-s2.0-84925448916&partnerID=40&md5=6b90dc822bf0f48202797b983cc8dc53"
"Iyengar R., Mahal A.R., Felicia U.-N.I., Aliyu B., Karim A.","https://www.scopus.com/inward/record.uri?eid=2-s2.0-84964680372&partnerID=40&md5=1ddd2f182e3ae83db3f507a56eb0d67a"
"Abrahamson K., Miech E., Davila H.W., Mueller C., Cooke V., Arling G.","https://www.scopus.com/inward/record.uri?eid=2-s2.0-84928946648&partnerID=40&md5=756d5973c4e4b399288ca580508befce"
"Mandinach E.B., Gummer E.","https://www.scopus.com/inward/record.uri?eid=2-s2.0-84929400787&partnerID=40&md5=a2e71c0da110bc606b5417eb8f7757f4"
"Schaaf R.C.","https://www.scopus.com/inward/record.uri?eid=2-s2.0-84922634198&partnerID=40&md5=97dcc22b0943fc85ef36115f0c23430e"
"Akanmu S., Jamaludin Z.","https://www.scopus.com/inward/record.uri?eid=2-s2.0-84946905010&partnerID=40&md5=3c8e02abec6956a49f83df7149fdcca0"
"Dunn K.E.","https://www.scopus.com/inward/record.uri?eid=2-s2.0-84964844346&partnerID=40&md5=083c106966aa4e6f93a97b4ef65e71e9"
"Marsh J.A., Farrell C.C.","https://www.scopus.com/inward/record.uri?eid=2-s2.0-84924761103&partnerID=40&md5=2e818b8080bee814516d1036cd1f81b8"
"Asaduzzaman Md., Shahjahan Md., Ahmed F.J., Murase K.","https://www.scopus.com/inward/record.uri?eid=2-s2.0-84942796705&partnerID=40&md5=cd97cf7ba93584357d2074b545719431"
"Zhang L., Li Q.","https://www.scopus.com/inward/record.uri?eid=2-s2.0-84938371845&partnerID=40&md5=5683e27620883f349db0beb5939c9eb6"
"Phillips-Wren G., Iyer L.S., Kulkarni U., Ariyachandra T.","https://www.scopus.com/inward/record.uri?eid=2-s2.0-84940369594&partnerID=40&md5=9e8fc416ee3504009673f703981674ae"
"Dubey R., Gunasekaran A.","https://www.scopus.com/inward/record.uri?eid=2-s2.0-84930146370&partnerID=40&md5=36d13d57761364d1985f600994259ba3"
"Vera-Baquero A., Palacios R.C., Stantchev V., Molloy O.","https://www.scopus.com/inward/record.uri?eid=2-s2.0-84937116958&partnerID=40&md5=5b4136c34327ca9df5fa6b084bbd7549"
"Loebbecke C., Picot A.","https://www.scopus.com/inward/record.uri?eid=2-s2.0-84941599511&partnerID=40&md5=a3943d8f613aa7106688b66afdbb9086"
"Kaivo-Oja J., Virtanen P., Jalonen H., Stenvall J.","https://www.scopus.com/inward/record.uri?eid=2-s2.0-84938717817&partnerID=40&md5=a9e8d089d1ed2f85c42566f836beaa86"
"Werbelow S.E.","https://www.scopus.com/inward/record.uri?eid=2-s2.0-84926651658&partnerID=40&md5=08b2cd7e8086065d333134de0fc1ca39"
"Babiceanu R.F., Seker R.","https://www.scopus.com/inward/record.uri?eid=2-s2.0-84923170079&partnerID=40&md5=63e631ad0d9b35e6b0193740cacc4018"
"Shao J., He X., Wang J., Bai X., Lei X., Liu C.","https://www.scopus.com/inward/record.uri?eid=2-s2.0-84927136082&partnerID=40&md5=0816218aedf85009386f5df0a5caf7db"
"Neaga I., Liu S., Xu L., Chen H., Hao Y.","https://www.scopus.com/inward/record.uri?eid=2-s2.0-84929612749&partnerID=40&md5=d88b174555a3a33027255e59d8083258"
"Vera-Baquero A., Colomo-Palacios R., Molloy O., Elbattah M.","https://www.scopus.com/inward/record.uri?eid=2-s2.0-84937143939&partnerID=40&md5=52c60b3460250235da837b418ed7843a"
"Yang H.-S.","https://www.scopus.com/inward/record.uri?eid=2-s2.0-84960117620&partnerID=40&md5=72f5e22523318522ee6d70ae426a877d"
"Nathan M., Rosso A.","https://www.scopus.com/inward/record.uri?eid=2-s2.0-84952717372&partnerID=40&md5=5d31eaa213ffc5f687c7e4071a7412e7"
"Dmitriyev V., Mahmoud T., Marín-Ortega P.M.","https://www.scopus.com/inward/record.uri?eid=2-s2.0-84960389864&partnerID=40&md5=c80449abffc685a46012729e1d0fe511"
"Lytras M.D., Al-Halabi W., Zhang J.X., Haraty R.A., Masud M.","https://www.scopus.com/inward/record.uri?eid=2-s2.0-84953237239&partnerID=40&md5=bcb00a035560cdaa78ccd6755f1129c6"
"Donnelly C., Simmons G., Armstrong G., Fearne A.","https://www.scopus.com/inward/record.uri?eid=2-s2.0-84930514342&partnerID=40&md5=9f2dd499f5527979061e5e0f739ecc53"
"Marciano G.","https://www.scopus.com/inward/record.uri?eid=2-s2.0-84937459335&partnerID=40&md5=7433045d4f08099ae202a7ed020425e3"
"Gupta B., Goul M., Dinter B.","https://www.scopus.com/inward/record.uri?eid=2-s2.0-84925934327&partnerID=40&md5=bf84118b6e859bd9fc5570f0912e4af2"
"Kimble C., Milolidakis G.","https://www.scopus.com/inward/record.uri?eid=2-s2.0-84943391185&partnerID=40&md5=28f14abcd5aec1b45a37eaf93204cebc"
"Wu C.-Q., Ren P.-G., Wang X.-F.","https://www.scopus.com/inward/record.uri?eid=2-s2.0-84921979225&partnerID=40&md5=283a7b0d8c33c3ff0800cf0633e64a54"
"Li Y., Chang Q., Brundage M.P., Biller S., Arinez J., Xiao G.","https://www.scopus.com/inward/record.uri?eid=2-s2.0-84919781079&partnerID=40&md5=eda98cb95f38893ed6e453d9404f8613"
"McPhail D.","https://www.scopus.com/inward/record.uri?eid=2-s2.0-84940852307&partnerID=40&md5=5b89711944eaa7f7801cb07bb494d088"
"Cheng Z., Liu X.","https://www.scopus.com/inward/record.uri?eid=2-s2.0-84910644229&partnerID=40&md5=a1c3b01166d21eab0cae2b5436d4662b"
"Shankar R., Sundararajan M.","https://www.scopus.com/inward/record.uri?eid=2-s2.0-84938682593&partnerID=40&md5=7fd9bab3f86d4a77a855c87c853e5117"
"Rostami H., Dantan J.-Y., Homri L.","https://www.scopus.com/inward/record.uri?eid=2-s2.0-84947427711&partnerID=40&md5=c48625f7a48713fc363a9393fde009d6"
"Lakshmanan G.T., Shamsi D., Doganata Y.N., Unuvar M., Khalaf R.","https://www.scopus.com/inward/record.uri?eid=2-s2.0-84958044063&partnerID=40&md5=b9d6292130dfc83ba291d393c1729cb6"
"Boland G.W., Thrall J.H., Duszak R., Jr.","https://www.scopus.com/inward/record.uri?eid=2-s2.0-84920267860&partnerID=40&md5=32a896e2e6af009169658c5e99835d6a"
"Rokhmat R., Purnama Y.I., Sari E.N., Herawan T.","https://www.scopus.com/inward/record.uri?eid=2-s2.0-84929334868&partnerID=40&md5=eaf460b1fd7630a84e9022a46eecd1e5"
"Lal P.","https://www.scopus.com/inward/record.uri?eid=2-s2.0-84930811345&partnerID=40&md5=1c954a69327e7ad74fd3f614ed51dad9"
"Alihodzic D., Baehr M., Langebrake C.","https://www.scopus.com/inward/record.uri?eid=2-s2.0-84926365929&partnerID=40&md5=24b576e50ffb6cf9c3fc2e54d5298f12"
"Aho A.-M.","https://www.scopus.com/inward/record.uri?eid=2-s2.0-84938718597&partnerID=40&md5=c0f8ab5545065c60ef8c80d1bc71f6a8"
"Mitri M., Palocsay S.","https://www.scopus.com/inward/record.uri?eid=2-s2.0-84943656019&partnerID=40&md5=1409b9b79e6904e0062e6a58ec3fbca3"
"Sujata J., Jayendran G.S., Rohit D.","https://www.scopus.com/inward/record.uri?eid=2-s2.0-84924917103&partnerID=40&md5=5ef38b32b0f44e5b53dbe5a54b715e05"
"Santiago Rivera D., Shanks G.","https://www.scopus.com/inward/record.uri?eid=2-s2.0-84924258742&partnerID=40&md5=acccca383bd263a9c012df5420a7ccdb"
"Gao Q., She B., Guo W., Zhu J.","https://www.scopus.com/inward/record.uri?eid=2-s2.0-84929761730&partnerID=40&md5=a4e13391ec77776bd7e65f19e967c230"
"Calof J., Richards G., Smith J.","https://www.scopus.com/inward/record.uri?eid=2-s2.0-84937897720&partnerID=40&md5=59d8348e90fcde2ce428a24466d85a73"
"Baur A.W., Bühler J., Bick M.","https://www.scopus.com/inward/record.uri?eid=2-s2.0-84937836198&partnerID=40&md5=edf7d2640522558aff73406f4a9a77f2"
"Winterboer L.","https://www.scopus.com/inward/record.uri?eid=2-s2.0-84947063006&partnerID=40&md5=84b2e3bbe20354bd60e7816157660245"
"Cosic R., Shanks G., Maynard S.","https://www.scopus.com/inward/record.uri?eid=2-s2.0-84960106494&partnerID=40&md5=89983b96684975414b7a61d83f6e6b01"
"Sekiguchi A., Sakaida D., Tsuda K.","https://www.scopus.com/inward/record.uri?eid=2-s2.0-84964999921&partnerID=40&md5=db60253b9710c3f19450c0b8601d2efd"
"Foshay N., Yeoh W., Boo Y.-L., Ong K.-L., Mattie D.","https://www.scopus.com/inward/record.uri?eid=2-s2.0-84960077087&partnerID=40&md5=fe899664b695fa5cd88ea33f93c3b339"
"Jamehshooran B.G., Shaharoun A.M., Haron H.N.","https://www.scopus.com/inward/record.uri?eid=2-s2.0-84930700686&partnerID=40&md5=6b943f0769b279ce750832316dd29438"
"Li C., Guo L., Li Z.","https://www.scopus.com/inward/record.uri?eid=2-s2.0-84929170930&partnerID=40&md5=8e3a9d21b2b8ad57002a5aa613a62350"
"Chien C.-F., Chuang S.-C.","https://www.scopus.com/inward/record.uri?eid=2-s2.0-84910637207&partnerID=40&md5=3a072011f52398a6c11553907f066e92"
"Cunningham S.W., Thissen W.A.H.","https://www.scopus.com/inward/record.uri?eid=2-s2.0-84915819430&partnerID=40&md5=dacd86f0a0bedd626625c9e7f4012901"
"Fisher D., Drucker S., Czerwinski M.","https://www.scopus.com/inward/record.uri?eid=2-s2.0-84907454836&partnerID=40&md5=04a894a30cd941ffaf9510bb527f514b"
"Lee R.R.","https://www.scopus.com/inward/record.uri?eid=2-s2.0-84904282312&partnerID=40&md5=a5066f793fa265cf5a5f6687367601a9"
"Friske R.","https://www.scopus.com/inward/record.uri?eid=2-s2.0-84900037392&partnerID=40&md5=3d6947bb25988d939983429b4edbeeb5"
"Goksu C.","https://www.scopus.com/inward/record.uri?eid=2-s2.0-84900009476&partnerID=40&md5=a952a96058b3c0146072fbe3bc0d3d1d"
"Reichert J., Furlong G.","https://www.scopus.com/inward/record.uri?eid=2-s2.0-84894638211&partnerID=40&md5=d80d20264521672a82016e357b1f54cd"
"Khalifa M.A., Jennings M.E., Briscoe F., Oleszweski A.M., Abdi N.","https://www.scopus.com/inward/record.uri?eid=2-s2.0-84885148271&partnerID=40&md5=5fab4d0ca61c4361f755bf081268f802"
"Spiess J., T'Joens Y., Dragnea R., Spencer P., Philippart L.","https://www.scopus.com/inward/record.uri?eid=2-s2.0-84894812951&partnerID=40&md5=e0f5106bec46c72ea173adc2c09f8081"
"Kim K.Y.","https://www.scopus.com/inward/record.uri?eid=2-s2.0-84896900636&partnerID=40&md5=b50231a5bc76943e230fa502104180c4"
"Gillon K., Aral S., Lin C.-Y., Mithas S., Zozulia M.","https://www.scopus.com/inward/record.uri?eid=2-s2.0-84893124112&partnerID=40&md5=ade5b76655549bf90f1d2a27633374cd"
"Yasuda M., Namba Dr. Y., Yoshida J.","https://www.scopus.com/inward/record.uri?eid=2-s2.0-84897635853&partnerID=40&md5=468974a5523161760f5b66d4f303bac2"
"Wixom B., Ariyachandra T., Douglas D., Goul M., Gupta B., Iyer L., Kulkarni U., Mooney B.J.G., Phillips-Wren G., Turetken O.","https://www.scopus.com/inward/record.uri?eid=2-s2.0-84892590194&partnerID=40&md5=dc23c6c4950e2a4c04d20ed5a2d016a8"
"Jung S.-Y., Choi N.-K., Lee J., Park B.-J.","https://www.scopus.com/inward/record.uri?eid=2-s2.0-84902577239&partnerID=40&md5=9ba88f01aceee0266647552c9b60404e"
"Conrad S., Shen J.","https://www.scopus.com/inward/record.uri?eid=2-s2.0-84919846425&partnerID=40&md5=189dc6e3a06822fd0d1b365560321c72"
"Staman L., Visscher A.J., Luyten H.","https://www.scopus.com/inward/record.uri?eid=2-s2.0-84903708409&partnerID=40&md5=50b08e18820f36eff7fa27e575fb5383"
"Huff-Eibl R., Miller-Wells J., Begay W.","https://www.scopus.com/inward/record.uri?eid=2-s2.0-84904024552&partnerID=40&md5=0e8cd24b9b53f6ac0b584adcef14651d"
"Machiwal D., Rangi N., Sharma A.","https://www.scopus.com/inward/record.uri?eid=2-s2.0-84921700032&partnerID=40&md5=766501ffb39ece30a079e9a00a295703"
"Ryan G.W., Bloom E.W., Lowsky D.J., Linthicum M.T., Juday T., Rosenblatt L., Kulkarni S., Goldman D.P., Sayles J.N.","https://www.scopus.com/inward/record.uri?eid=2-s2.0-84895107835&partnerID=40&md5=a386a07cae4003338d8976360f47fd59"
"Starobin S.S., Upah S.","https://www.scopus.com/inward/record.uri?eid=2-s2.0-84915797068&partnerID=40&md5=1f3a83b2fa3b53099c47c32d60dd2ef4"
"Duggan J.","https://www.scopus.com/inward/record.uri?eid=2-s2.0-84904665375&partnerID=40&md5=77fb3559739e456b767499277b5a1a19"
"Harris-Keith C.S.","https://www.scopus.com/inward/record.uri?eid=2-s2.0-84903964587&partnerID=40&md5=f2e8ca16e3436979591ba4b9e760dc1b"
"Cai X., Han L.","https://www.scopus.com/inward/record.uri?eid=2-s2.0-84924425164&partnerID=40&md5=cb3235f97c7d13a025917af4d9fdfac9"
"Babiceanu R.F., Seker R.","https://www.scopus.com/inward/record.uri?eid=2-s2.0-84923201354&partnerID=40&md5=c5f8d7dd2de08e58b6d748433ecee69d"
"Inmon W.H.","https://www.scopus.com/inward/record.uri?eid=2-s2.0-84907916673&partnerID=40&md5=a4e38267130a6ba53325058cda792468"
"Debortoli S., Müller O., Vom Brocke J.","https://www.scopus.com/inward/record.uri?eid=2-s2.0-84920287320&partnerID=40&md5=06be6c2efb7c2a6c44e62dd77ed0a380"
"Davenport T.H.","https://www.scopus.com/inward/record.uri?eid=2-s2.0-84927553961&partnerID=40&md5=5c2ff15a177abcd6ddcff272e3157f96"
"Areces F.R.","https://www.scopus.com/inward/record.uri?eid=2-s2.0-84908582688&partnerID=40&md5=d64ac9cc23b6ec71602ce99ffb8e500a"
"Ha S., Lee S., Lee K.","https://www.scopus.com/inward/record.uri?eid=2-s2.0-84913600530&partnerID=40&md5=a423ec1f7f8ca399d0021f36ab9ff73a"
"Menezes J., Gouveia F., Felizardo P.","https://www.scopus.com/inward/record.uri?eid=2-s2.0-84907299961&partnerID=40&md5=a1e47609886bce797616dfa7baae99d7"
"Li Z., Kang L.-Y., Fan X.-H.","https://www.scopus.com/inward/record.uri?eid=2-s2.0-84908313712&partnerID=40&md5=6a64194c25837f230e09595334a9fdd4"
"Sim H., Choi D., Kim C.O.","https://www.scopus.com/inward/record.uri?eid=2-s2.0-84905670290&partnerID=40&md5=f93923d2de74429ac601be4dd1d7aea2"
"Färber I., Fries S., Marczinski G., Seidl T., Steinmann N.-P.","https://www.scopus.com/inward/record.uri?eid=2-s2.0-84907352426&partnerID=40&md5=f3c4bdf91708fd6f3da925cb524f15b4"
"Bertram R.M., Schaffer P., Charnin L.","https://www.scopus.com/inward/record.uri?eid=2-s2.0-84891913025&partnerID=40&md5=0614a5507b1500f1d3d41f8b3cc5875e"
"Agrawal D.","https://www.scopus.com/inward/record.uri?eid=2-s2.0-84927595125&partnerID=40&md5=746e8def95678e0da75aa95b5d99ab6e"
"Vo A., Bhaskar R.","https://www.scopus.com/inward/record.uri?eid=2-s2.0-84928035591&partnerID=40&md5=13e957a5345027302a26049724091eee"
"Briest P., Dilda V., Somers K.","https://www.scopus.com/inward/record.uri?eid=2-s2.0-84923764671&partnerID=40&md5=b8e41d51dbce4cb174270cf9b9bc6b8c"
"Yang Y.Y., Klose T., Lippy J., Barcelon-Yang C.S., Zhang L.","https://www.scopus.com/inward/record.uri?eid=2-s2.0-84914817901&partnerID=40&md5=3e85645b5ae9f9aa226b4c6f6ff108e1"
"Tan S.C., Sim B.H.","https://www.scopus.com/inward/record.uri?eid=2-s2.0-84911886238&partnerID=40&md5=047f8dae6401d6bdaba5646a55fb5c49"
"Man Y., Wang S., Zhang T., Wong T.J., King I.","https://www.scopus.com/inward/record.uri?eid=2-s2.0-84921520841&partnerID=40&md5=42ef9ee8a8723789b1919dc526bda2e7"
"Körpeoǧlu E., Kurtz Z., Kilinç-Karzan F., Kekre S., Basu P.A.","https://www.scopus.com/inward/record.uri?eid=2-s2.0-84906315966&partnerID=40&md5=13bf79fb0d9e74e520e7ee371d7aa8ac"
"Chae B.","https://www.scopus.com/inward/record.uri?eid=2-s2.0-84892364312&partnerID=40&md5=364e82ab3dcf471301d9233b7692bec9"
"Miles D.A.","https://www.scopus.com/inward/record.uri?eid=2-s2.0-84930437623&partnerID=40&md5=20590bd0144459db9e887747e54eae76"
"Gorman M.F., Klimberg R.K.","https://www.scopus.com/inward/record.uri?eid=2-s2.0-84902468523&partnerID=40&md5=86dea1638abab850133820d9c0691648"
"Davenport T.H.","https://www.scopus.com/inward/record.uri?eid=2-s2.0-84905867100&partnerID=40&md5=61a4a2fe49b4083d24d7c3917f8c935c"
"Holsapple C., Lee-Post A., Pakath R.","https://www.scopus.com/inward/record.uri?eid=2-s2.0-84906787422&partnerID=40&md5=e24fa7a704729c05d96aae76320c3f21"
"Han B., Chou S.Y.","https://www.scopus.com/inward/record.uri?eid=2-s2.0-84908556808&partnerID=40&md5=8d5e96a23586c20985326a801ad9212a"
"Ward M.J., Marsolo K.A., Froehle C.M.","https://www.scopus.com/inward/record.uri?eid=2-s2.0-84906043454&partnerID=40&md5=83b83d6e48103ec3ff361e42a74b4ace"
"Angalakudati M., Balwani S., Calzada J., Chatterjee B., Perakis G., Raad N., Uichanco J.","https://www.scopus.com/inward/record.uri?eid=2-s2.0-84902242364&partnerID=40&md5=8ebfadb0600faa50f1a488afa6e57337"
"Murphy S.A.","https://www.scopus.com/inward/record.uri?eid=2-s2.0-84890373580&partnerID=40&md5=cdffba3d40c74dcdde991528f91378e2"
"Shiri A.","https://www.scopus.com/inward/record.uri?eid=2-s2.0-84892146487&partnerID=40&md5=22ba02a2fc144e13976e0f87614077e1"
"Rupnik R.","https://www.scopus.com/inward/record.uri?eid=2-s2.0-84891667012&partnerID=40&md5=0ecb4aca753dad9680f754a35a0ff783"
"Sprongl P.","https://www.scopus.com/inward/record.uri?eid=2-s2.0-84893298822&partnerID=40&md5=246062608a6f25b3b67f678cb44e428f"
"Sharda R., Asamoah D.A., Ponna N.","https://www.scopus.com/inward/record.uri?eid=2-s2.0-84887186137&partnerID=40&md5=e632e597824e393a8cec2226a2cb654b"
"Vera-Baquero A., Colomo-Palacios R., Molloy O.","https://www.scopus.com/inward/record.uri?eid=2-s2.0-84890068069&partnerID=40&md5=f06dc2d82ef50da59c2db47c6a60b08f"
"Griffin M., Lewis B., Greenberg M.I.","https://www.scopus.com/inward/record.uri?eid=2-s2.0-84886238019&partnerID=40&md5=1041454f29145cd78a82de9f96d13b51"
"Ghanadbashi S., Khanbabaei M., Saniee Abadeh M.","https://www.scopus.com/inward/record.uri?eid=2-s2.0-84885647371&partnerID=40&md5=6fec98a2989cee7f90ff4c4c7ce53b2e"
"Lee J., Lapira E., Bagheri B., Kao H.-A.","https://www.scopus.com/inward/record.uri?eid=2-s2.0-84892717180&partnerID=40&md5=fc9f252ed036af9d35dc158de917ee21"
"Kerdprasop K., Kerdprasop N.","https://www.scopus.com/inward/record.uri?eid=2-s2.0-84883513819&partnerID=40&md5=6d93cbc57975ba0210a4113bdff6f1a1"
"Almasalha F., Xu D., Chen Y.-C., Keenan G.M., Khokhar A., Yao Y., Johnson A., Ansari R., Wilkie D.J.","https://www.scopus.com/inward/record.uri?eid=2-s2.0-84881002100&partnerID=40&md5=634143931145f90a6875156f3ba4eb70"
"Walker D., Fung K.","https://www.scopus.com/inward/record.uri?eid=2-s2.0-84882701939&partnerID=40&md5=1bb091990e98779fe3efaeabf95d7585"
"Soban D.S., Salmon J., Fahringer P.","https://www.scopus.com/inward/record.uri?eid=2-s2.0-84880485424&partnerID=40&md5=0e957345eb00083c1c292f9b52029a8b"
"Bennett M.","https://www.scopus.com/inward/record.uri?eid=2-s2.0-84883467071&partnerID=40&md5=34de130a3fc92752c44350cd61c83637"
"Wixom B.H., Yen B., Relich M.","https://www.scopus.com/inward/record.uri?eid=2-s2.0-84878734475&partnerID=40&md5=8643ffedb4f12f1bfe6e13808b3a0cc1"
"Kobielus J.","https://www.scopus.com/inward/record.uri?eid=2-s2.0-84897541484&partnerID=40&md5=9c9ba9d799530712dc9ccb13488cef06"
"Stockton D.J., Khalil R.A., Mukhongo L.M.","https://www.scopus.com/inward/record.uri?eid=2-s2.0-84879102759&partnerID=40&md5=f88b01c4b8f3b07840c471bae1926211"
"Krishnan K.","https://www.scopus.com/inward/record.uri?eid=2-s2.0-84894795856&partnerID=40&md5=189c07d8c03570cdd52e61e9fb6a833a"
"Tsai C.-Y., Hsu C.-H.","https://www.scopus.com/inward/record.uri?eid=2-s2.0-84876330154&partnerID=40&md5=36bfa831456b1a5b884f15bf19b1afd5"
"Stockton D.J., Khalil R.A., Mukhongo M.L.","https://www.scopus.com/inward/record.uri?eid=2-s2.0-84880549299&partnerID=40&md5=87d91e9ddbc9e63aa6b057ba85e7fe3c"
"Young C.","https://www.scopus.com/inward/record.uri?eid=2-s2.0-84894696505&partnerID=40&md5=0c6a4924b3eb4662ddb24ad0e66e152d"
"Raths D.","https://www.scopus.com/inward/record.uri?eid=2-s2.0-84876541817&partnerID=40&md5=2bf2a0995377c0c7969c5275f75885bf"
"Olsen D.H., Dupin-Bryant P.A.","https://www.scopus.com/inward/record.uri?eid=2-s2.0-84872439208&partnerID=40&md5=ecd055366427e3646d575e45be78c82b"
"Sanderson M.","https://www.scopus.com/inward/record.uri?eid=2-s2.0-84875831842&partnerID=40&md5=81defcab1d8aeb09bfa386780f6d2dd6"
"Dunn K.E., Airola D.T., Lo W.-J., Garrison M.","https://www.scopus.com/inward/record.uri?eid=2-s2.0-84873652262&partnerID=40&md5=5b1a09f25606d7a979bc28bc7b177640"
"Dunn K.E., Airola D.T., Lo W.-J., Garrison M.","https://www.scopus.com/inward/record.uri?eid=2-s2.0-84875274954&partnerID=40&md5=413177de98243c5f9fa65b0fe82e08f2"
"Wen D., Guo-Min G., Tian-Jun W., Xin-Ju Y.","https://www.scopus.com/inward/record.uri?eid=2-s2.0-84901708502&partnerID=40&md5=0513518684d75f410ac4844311e2d678"
"Wang K.-S.","https://www.scopus.com/inward/record.uri?eid=2-s2.0-84899837658&partnerID=40&md5=ee96c8fe8b237ce2ec1affa729f7ebb6"
"Pivk A., Vasilecas O., Kalibatiene D., Rupnik R.","https://www.scopus.com/inward/record.uri?eid=2-s2.0-84885001236&partnerID=40&md5=98dc9f9f5c9e4398df2b40c76b3ccc5a"
"Trandafili E., Biba M.","https://www.scopus.com/inward/record.uri?eid=2-s2.0-84877915006&partnerID=40&md5=b702219669119df3bee574dd44f9b78e"
"Schläfke M., Silvi R., Möller K.","https://www.scopus.com/inward/record.uri?eid=2-s2.0-84870233100&partnerID=40&md5=5bfb65094a1b2536289bafb796cbdfbf"
"Loeb S.","https://www.scopus.com/inward/record.uri?eid=2-s2.0-84858119707&partnerID=40&md5=85a07622f245a1701fcfad05121f298f"
"Shahbaz M., Shaheen M., Aslam M., Ahsan S., Farooq A., Arshad J., Masood S.A.","https://www.scopus.com/inward/record.uri?eid=2-s2.0-84874886587&partnerID=40&md5=07b2cd1a61b02288a62f906cacb084c1"
[No author name available],"https://www.scopus.com/inward/record.uri?eid=2-s2.0-84874010973&partnerID=40&md5=9bdaab99115f7c03e42396205fad21dc"
"Shanks G., Bekmamedova N.","https://www.scopus.com/inward/record.uri?eid=2-s2.0-84874247166&partnerID=40&md5=17970319333e9bc89908674b02f45523"
"Devlin B.","https://www.scopus.com/inward/record.uri?eid=2-s2.0-84896872857&partnerID=40&md5=93797fa1ad7e338e92538f58b1af1184"
"Mont M.C., Brown R., Arnell S., Passingham N.","https://www.scopus.com/inward/record.uri?eid=2-s2.0-84866411297&partnerID=40&md5=ec9c81c8761365a7f3389132914c74bb"
"Soares S.","https://www.scopus.com/inward/record.uri?eid=2-s2.0-84896888875&partnerID=40&md5=42af0d909ab3cac3b5b43687cb286867"
"Levin J.A., Datnow A.","https://www.scopus.com/inward/record.uri?eid=2-s2.0-84859599443&partnerID=40&md5=db512703d93c9f0241685dc0637cc3ed"
"Hakeem A., Gupta H., Kanaujia A., Choe T.E., Gunda K., Scanlon A., Yu L., Zhang Z., Venetianer P., Rasheed Z., Haering N.","https://www.scopus.com/inward/record.uri?eid=2-s2.0-84860521964&partnerID=40&md5=02a01c4389b4b14597a92af2b1ae90fe"
"Gürbüz F., Pardalos P.M.","https://www.scopus.com/inward/record.uri?eid=2-s2.0-84861777230&partnerID=40&md5=b1a22e72ba16e5ca54ba082512a38252"
"Mandinach E.B.","https://www.scopus.com/inward/record.uri?eid=2-s2.0-84860126050&partnerID=40&md5=844ce4d31b2a7ac25dc127dd6b0a231c"
"Prestigiacomo J.","https://www.scopus.com/inward/record.uri?eid=2-s2.0-84863191543&partnerID=40&md5=322cc5091bec42ae652a02116254e6ee"
"Saracco R.","https://www.scopus.com/inward/record.uri?eid=2-s2.0-84865790948&partnerID=40&md5=745c2a161b590346aaa66cd0e7f08ea2"
"Ur-Rahman N., Harding J.A.","https://www.scopus.com/inward/record.uri?eid=2-s2.0-84855874287&partnerID=40&md5=996d1e96356d8e3aaab4aeebd9549b56"
"Mooney B.L., Corrales L.R., Clark A.E.","https://www.scopus.com/inward/record.uri?eid=2-s2.0-84857373586&partnerID=40&md5=dcf9b297a544afba282fadab09ebf9ec"
"Loukis E., Pazalos K., Salagara A.","https://www.scopus.com/inward/record.uri?eid=2-s2.0-84859769700&partnerID=40&md5=359733f08321a79a99535be3c74f533e"
"Kwak D.-S., Kim K.-J.","https://www.scopus.com/inward/record.uri?eid=2-s2.0-80255131411&partnerID=40&md5=72dfca23229b19e19210b828d639cb15"
"Casali A., Ernst C.","https://www.scopus.com/inward/record.uri?eid=2-s2.0-84858407804&partnerID=40&md5=3265e2d3e8fd5ca36de73655afdb7496"
"Basole R.C., Hu M., Patel P., Stasko J.T.","https://www.scopus.com/inward/record.uri?eid=2-s2.0-84555206065&partnerID=40&md5=48a53cdffc540ffeb2af31f1e0420a8a"
"Zakaria N., Cogburn D.L., Khadapkar P.S., Louis C.","https://www.scopus.com/inward/record.uri?eid=2-s2.0-84901047916&partnerID=40&md5=36427c8e2b755662a9a169f94a74da29"
"Rivo E., De La Fuente J., Rivo A., García-Fontán E., Cañizares M.-A., Gil P.","https://www.scopus.com/inward/record.uri?eid=2-s2.0-84860704295&partnerID=40&md5=a101c57e06200c33a84c937347f369d7"
"Chen H., Chiang R.H.L., Storey V.C.","https://www.scopus.com/inward/record.uri?eid=2-s2.0-84916597404&partnerID=40&md5=5e07222e4be77137f72627fd18516345"
"Casserly M.D.","https://www.scopus.com/inward/record.uri?eid=2-s2.0-83155172677&partnerID=40&md5=1874b582ffb33fd222938fae4bf4a9dd"
"Kennedy B.L., Datnow A.","https://www.scopus.com/inward/record.uri?eid=2-s2.0-82255165239&partnerID=40&md5=4dced14f7e9bae98c77aaa941d6457c7"
"Kehal M.","https://www.scopus.com/inward/record.uri?eid=2-s2.0-84879270426&partnerID=40&md5=70381c9e6c3a85292bfd1a4b0346929b"
"Ting I.-H., Lin Y.-C.","https://www.scopus.com/inward/record.uri?eid=2-s2.0-84861765062&partnerID=40&md5=76c77ef7a8119dd198a9f3472d4a74db"
"Brown D.E., Famili F., Paass G., Smith-Miles K., Thomas L.C., Weber R., Baeza-Yates R., Bravo C., L'Huillier G., Maldonado S.","https://www.scopus.com/inward/record.uri?eid=2-s2.0-84863420888&partnerID=40&md5=fbc8797869e296dd23c8a3d0dbc1c6bc"
"Kerdprasop K., Kerdprasop N.","https://www.scopus.com/inward/record.uri?eid=2-s2.0-80054968925&partnerID=40&md5=6ed99aa7b88549b7defc8a97d881a74e"
"Mick J.","https://www.scopus.com/inward/record.uri?eid=2-s2.0-80155214515&partnerID=40&md5=97b546bfecf4fd6803c000272711b678"
"Masoudifar F.","https://www.scopus.com/inward/record.uri?eid=2-s2.0-84864425762&partnerID=40&md5=fb63569a1ffa0783b477f7f296080fdb"
"Klatt T., Schlaefke M., Moeller K.","https://www.scopus.com/inward/record.uri?eid=2-s2.0-80455176398&partnerID=40&md5=c9443945f7ee00e7cf50d5be695ca01f"
"Wegener D., Rüping S.","https://www.scopus.com/inward/record.uri?eid=2-s2.0-80053023976&partnerID=40&md5=c39b68d0373d225cb5030b33bf3927ff"
"Viaene S., Van Den Bunder A.","https://www.scopus.com/inward/record.uri?eid=2-s2.0-80053208893&partnerID=40&md5=bdf77b0020e8e2ba541580598baf391d"
"Varshney K.R., Mojsilovi A.","https://www.scopus.com/inward/record.uri?eid=2-s2.0-80052191357&partnerID=40&md5=e7af506105d571eeff4b258864804f05"
"Feng S., Zhou S., Liu Y.","https://www.scopus.com/inward/record.uri?eid=2-s2.0-79961094519&partnerID=40&md5=61c14f7b19c32e9a674d76588fa457ac"
"Bhatnagar V., Ranjan J., Singh R.","https://www.scopus.com/inward/record.uri?eid=2-s2.0-79960512218&partnerID=40&md5=9c6884f42494d7aed331747e839037bc"
"Renick J.","https://www.scopus.com/inward/record.uri?eid=2-s2.0-79958729462&partnerID=40&md5=77ac4262c78a8c0939ab292d63cf8402"
"Peng Y., Zhang Y., Tang Y., Li S.","https://www.scopus.com/inward/record.uri?eid=2-s2.0-79953753719&partnerID=40&md5=213ff64664e7b4872dda7c35bfb23553"
"Song Y., Peng X., Dong W., Hu Z.","https://www.scopus.com/inward/record.uri?eid=2-s2.0-79953747225&partnerID=40&md5=dbc0fdbbf86dbdf5054fd058f7ef8595"
"Ranjan J., Bhatnagar V.","https://www.scopus.com/inward/record.uri?eid=2-s2.0-79952293656&partnerID=40&md5=6e96587596dcd4b1949ac8833db5b83c"
"Wy J., Jeong S., Kim B.-I., Park J., Shin J., Yoon H., Lee S.","https://www.scopus.com/inward/record.uri?eid=2-s2.0-78650528444&partnerID=40&md5=ace4824fd2f95c88d7adbeb00ce77c53"
"Hagland M.","https://www.scopus.com/inward/record.uri?eid=2-s2.0-79953818725&partnerID=40&md5=69c9407efdae517d1668c73b57828744"
"Essaid M., Grimaud F., Burlat P.","https://www.scopus.com/inward/record.uri?eid=2-s2.0-84857182400&partnerID=40&md5=17b1bd62a0bb9c3541de95efe7cb2264"
"Adnan M., Nagi M., Kianmehr K., Tahboub R., Ridley M., Rokne J.","https://www.scopus.com/inward/record.uri?eid=2-s2.0-84893334539&partnerID=40&md5=d82aafdf7bcd21835fb1397c1a4adae3"
"Gros M.E., Goul M., Demirkan H.","https://www.scopus.com/inward/record.uri?eid=2-s2.0-79959611562&partnerID=40&md5=158fd8821d99b9cd3a1e9d9e3fd7f655"
"Doderer M.S., Yoon K., Robbins K.A.","https://www.scopus.com/inward/record.uri?eid=2-s2.0-78650594428&partnerID=40&md5=8d89bbe90d2d82fa8e216c49ad8c324a"
"Bowers A.J.","https://www.scopus.com/inward/record.uri?eid=2-s2.0-79960794317&partnerID=40&md5=7820eb92e3d69b74e0771d701e7973d7"
"Weiss S.M., Baseman R.J., Tipu F., Collins C.N., Davies W.A., Singh R., Hopkins J.W.","https://www.scopus.com/inward/record.uri?eid=2-s2.0-78149284202&partnerID=40&md5=90c6a79c2d8af2c63af82240404d5122"
"Çiflikli C., Kahya-Özyirmidokuz E.","https://www.scopus.com/inward/record.uri?eid=2-s2.0-77956339581&partnerID=40&md5=9a91af2f6f3abbb586310701ab5b02f9"
"Gao J., Koronios A., Kennett S., Scott H.","https://www.scopus.com/inward/record.uri?eid=2-s2.0-84874370066&partnerID=40&md5=b277e04d66a2492dbfc3f65344ea4523"
"Seng J.-L., Chen T.C.","https://www.scopus.com/inward/record.uri?eid=2-s2.0-77957825754&partnerID=40&md5=65ee107ee382d9c4c5b2dd7ada533a4f"
"Kocakoç I.D., Erdem S.","https://www.scopus.com/inward/record.uri?eid=2-s2.0-84892419430&partnerID=40&md5=868e5c991205e177a7a0b1f73038cf44"
"Paredes-Moreno A., Martínez-López F.J., Schwartz D.G.","https://www.scopus.com/inward/record.uri?eid=2-s2.0-77955305184&partnerID=40&md5=77b93964b1126be612cd0ca7f35dc538"
"Marsh J.A., McCombs J.S., Martorell F.","https://www.scopus.com/inward/record.uri?eid=2-s2.0-77958016742&partnerID=40&md5=347999ce8caf37d19045de889748611c"
"Bhatnagar V., Ranjan J.","https://www.scopus.com/inward/record.uri?eid=2-s2.0-77957975700&partnerID=40&md5=14feec2f0038dbdf5b2a9fcad923ce95"
"Tasdoven H., Sahin B.","https://www.scopus.com/inward/record.uri?eid=2-s2.0-77956376838&partnerID=40&md5=3042471f3a7184d27d10f6c5c45ea8c6"
"Laosiritaworn W., Holimchayachotikul P.","https://www.scopus.com/inward/record.uri?eid=2-s2.0-78249264467&partnerID=40&md5=623671bc0a2975a880a0b60215e6d99b"
"Wiener M.C., Obando L., O'neill J.","https://www.scopus.com/inward/record.uri?eid=2-s2.0-77953355105&partnerID=40&md5=57dc6c4bc5d0d84795e723fa8b4d573d"
"Trkman P., McCormack K., De Oliveira M.P.V., Ladeira M.B.","https://www.scopus.com/inward/record.uri?eid=2-s2.0-77955710529&partnerID=40&md5=31398abe5d3136a8058a02b8962a976e"
"Sherrod D., McKesson T., Mumford M.","https://www.scopus.com/inward/record.uri?eid=2-s2.0-77955495607&partnerID=40&md5=cc47fb6c772623f561218516570ac1cf"
"Morrisey L.","https://www.scopus.com/inward/record.uri?eid=2-s2.0-77949551160&partnerID=40&md5=857685405264b2418d1dd9f81ea9c887"
"Zhou G., Wang L., Wang D., Reichle S.","https://www.scopus.com/inward/record.uri?eid=2-s2.0-77953336330&partnerID=40&md5=23cbac630f0b2f710dd28847a9d07e73"
"Huang C.-F., Hsueh S.-L.","https://www.scopus.com/inward/record.uri?eid=2-s2.0-77950219982&partnerID=40&md5=f5e2614897b3b069752f16a2545d52a4"
"Hsu C.-Y., Chien C.-F., Lin K.-Y., Chien C.-Y.","https://www.scopus.com/inward/record.uri?eid=2-s2.0-77956484289&partnerID=40&md5=f7f8ddbdfc8dbafd3ee49050ed301b64"
"Durán O., Rodriguez N., Consalter L.A.","https://www.scopus.com/inward/record.uri?eid=2-s2.0-71749100768&partnerID=40&md5=de3d5fba8463224164ce88c587a5968a"
"Haggerty J., Haggerty S.","https://www.scopus.com/inward/record.uri?eid=2-s2.0-77649173265&partnerID=40&md5=781fc99f8222aa2a210f3e52eb386d6e"
"Wanqing L.I., Lihua M.A., Dong W.","https://www.scopus.com/inward/record.uri?eid=2-s2.0-77950131260&partnerID=40&md5=2e88b461dd4a8859563954d42f98e72c"
"Dutton W., Pister K., Varian H., Bernard R., Salkowitz R., Bughin J., Chui M., Manyika J.","https://www.scopus.com/inward/record.uri?eid=2-s2.0-84987788972&partnerID=40&md5=0be9ac2f088ffe10aafa8e66fa652474"
"Cabrera C.B., Ordieres Meré J.B., Castejon Limas M., José Del Coz Díaz J.","https://www.scopus.com/inward/record.uri?eid=2-s2.0-77951112796&partnerID=40&md5=5d4c70e1bafd160f774fe0de157f5272"
"Soares C., Ghani R.","https://www.scopus.com/inward/record.uri?eid=2-s2.0-78049273816&partnerID=40&md5=7ab2f92057040433444f0f6225dd07d8"
"Hsu C.-H., Lee T.-Y., Kuo H.-M.","https://www.scopus.com/inward/record.uri?eid=2-s2.0-70450198193&partnerID=40&md5=945da7af8d67146c46e4d78f243fd0ab"
"Lin Y.-C., Chen T.","https://www.scopus.com/inward/record.uri?eid=2-s2.0-77952280846&partnerID=40&md5=a8916ee52dbb41e8e1ff6153e8938d59"
"Bhatnagar A.","https://www.scopus.com/inward/record.uri?eid=2-s2.0-70350464313&partnerID=40&md5=3010f30db5de5782ff9790793bb1795c"
"Ranjan J., Bhatnagar V.","https://www.scopus.com/inward/record.uri?eid=2-s2.0-70349633449&partnerID=40&md5=a116a42952f3e4aee4db8e7bf928202e"
"Last M., Danon G., Biderman S., Miron E.","https://www.scopus.com/inward/record.uri?eid=2-s2.0-72449196774&partnerID=40&md5=c81356546e3e8465ddd27fb00607129d"
"Choudhary A.K., Harding J.A., Tiwari M.K.","https://www.scopus.com/inward/record.uri?eid=2-s2.0-72449130980&partnerID=40&md5=d0185a472bd8b50ec8d31b4fac0d8f9a"
[No author name available],"https://www.scopus.com/inward/record.uri?eid=2-s2.0-77749304335&partnerID=40&md5=3299e28bbcbee7c7e6f1bfa32591182f"
"Leblanc R.-M.","https://www.scopus.com/inward/record.uri?eid=2-s2.0-77749248997&partnerID=40&md5=48b6d50591e3d06aa7a54ded4e327db4"
"Holbrook M.C.","https://www.scopus.com/inward/record.uri?eid=2-s2.0-67249153513&partnerID=40&md5=3839dccdffe8f93e4e958ebed3c58cbf"
"Poon S.K., Davis J.G., Choi B.","https://www.scopus.com/inward/record.uri?eid=2-s2.0-56349152724&partnerID=40&md5=043e968e94d24464d2b818cc3e6486d4"
"Sharma S., Osei-Bryson K.-M.","https://www.scopus.com/inward/record.uri?eid=2-s2.0-56349108935&partnerID=40&md5=858a0e7b6818432951c395c8e693d9a1"
"Feinberg B.A., Gilmore J., Haislip S., Gondesen T., Saleh M.N., Lenz W.H.","https://www.scopus.com/inward/record.uri?eid=2-s2.0-61349174544&partnerID=40&md5=740dd58831789a6b017b196ef5e31f5b"
"Li L.","https://www.scopus.com/inward/record.uri?eid=2-s2.0-74549147342&partnerID=40&md5=8c17b8ebf2d58056c670a36b8d09f485"
"Dayyani B.","https://www.scopus.com/inward/record.uri?eid=2-s2.0-78651558887&partnerID=40&md5=fa2cd6a4d5d636a86a4da1b9dfe45ca8"
"Li L., Chang Q., Ni J.","https://www.scopus.com/inward/record.uri?eid=2-s2.0-70449688157&partnerID=40&md5=ff5a761846466114916d7950addde3bd"
"Perzyk M., Biernacki R., Kozlowski J.","https://www.scopus.com/inward/record.uri?eid=2-s2.0-57049120565&partnerID=40&md5=058dd92fa56f472fa89451d6f950d6b9"
"Luo M., Childress M.","https://www.scopus.com/inward/record.uri?eid=2-s2.0-63049087405&partnerID=40&md5=b3b4f779036bf1013098583599af11bf"
"Mingchu L.","https://www.scopus.com/inward/record.uri?eid=2-s2.0-57149134784&partnerID=40&md5=ac06e3f1e6e3e35b9473f94cf5673d1c"
"Qiu L., Li Y., Wu X.","https://www.scopus.com/inward/record.uri?eid=2-s2.0-54049092431&partnerID=40&md5=31c1f21021d2c68e618dcea95ae5752f"
"Wohlstetter P., Datnow A., Park V.","https://www.scopus.com/inward/record.uri?eid=2-s2.0-51749092816&partnerID=40&md5=d1b3e2ffec818f6d0cde32d34a93a1db"
"Wang H., Wang S.","https://www.scopus.com/inward/record.uri?eid=2-s2.0-44849121951&partnerID=40&md5=d5221ef9b7f0491203b1ae0dfee48ecc"
"Sahay B.S., Ranjan J.","https://www.scopus.com/inward/record.uri?eid=2-s2.0-40949131891&partnerID=40&md5=839f9653b85abb098a9fd83362714fd4"
"Berendt B., Preibusch S., Teltzrow M.","https://www.scopus.com/inward/record.uri?eid=2-s2.0-42649122624&partnerID=40&md5=f3d60c54368f6417c2e73fc3e162ab3a"
"Yeh R.-L., Liu C., Shia B.-C., Cheng Y.-T., Huwang Y.-F.","https://www.scopus.com/inward/record.uri?eid=2-s2.0-39549085594&partnerID=40&md5=709b4a1f76e44f5407625321592f1e0d"
"Bommireddipalli V., Nicola M., Tortolani T.","https://www.scopus.com/inward/record.uri?eid=2-s2.0-45749092522&partnerID=40&md5=5c0441ccc207660c9846412b067285c7"
"Aloudat M., Kamrani A.K., Nasr E.A.","https://www.scopus.com/inward/record.uri?eid=2-s2.0-84952969097&partnerID=40&md5=d040a6bbb886051e85906cd2f5106e80"
"Soares C., Peng Y., Meng J., Washio T., Zhou Z.-H.","https://www.scopus.com/inward/record.uri?eid=2-s2.0-84865765514&partnerID=40&md5=c31dac039c297b7379c0997711ed2415"
"Datta R., Hu J., Ray B.","https://www.scopus.com/inward/record.uri?eid=2-s2.0-84875963740&partnerID=40&md5=3bef24b0ffe9c9fafabf8d04c0b12918"
"Batyrshin I., Sheremetov L.","https://www.scopus.com/inward/record.uri?eid=2-s2.0-58149242208&partnerID=40&md5=dee0e24a692fe688548085d2990b2b19"
"Iyengar V., Boier I., Kelley K., Curatolo R.","https://www.scopus.com/inward/record.uri?eid=2-s2.0-84870512604&partnerID=40&md5=f4dcaa4bd2bf081469aeeed78903295e"
"Varga M., Vuković M.","https://www.scopus.com/inward/record.uri?eid=2-s2.0-84856357841&partnerID=40&md5=4bd2dc9e9bb23af57406cb9b31d7d463"
"Eicher J., Ruder D.","https://www.scopus.com/inward/record.uri?eid=2-s2.0-77955371052&partnerID=40&md5=c66c96654fefdf1278065a8b47186993"
"Piatetsky-Shapiro G.","https://www.scopus.com/inward/record.uri?eid=2-s2.0-34547310353&partnerID=40&md5=8290e30ca2214dac866553e8410e06fb"
"Wang Y.","https://www.scopus.com/inward/record.uri?eid=2-s2.0-34547586049&partnerID=40&md5=6b20d6dfd0a9ad5ba5abc23311af8dd3"
"Wang K.","https://www.scopus.com/inward/record.uri?eid=2-s2.0-34547580833&partnerID=40&md5=d43cfdf17af2f1d8177454bf833bc4e3"
"Jingxue L., Qi F.","https://www.scopus.com/inward/record.uri?eid=2-s2.0-34447097345&partnerID=40&md5=58c32b4b9d9dde960a165803bb45bdba"
"Hsieh K.-L.","https://www.scopus.com/inward/record.uri?eid=2-s2.0-50949115215&partnerID=40&md5=53109e4fbc7b3fbf60326d9c5fcbe647"
"Braha D., Elovici Y., Last M.","https://www.scopus.com/inward/record.uri?eid=2-s2.0-34249076322&partnerID=40&md5=b7ccb29baddbc8dc7b5c0cec3546b6e2"
"Chien C.-F., Wang W.-C., Cheng J.-C.","https://www.scopus.com/inward/record.uri?eid=2-s2.0-33845660695&partnerID=40&md5=d51bde8c971eeac799bc8ce1cde87dfc"
"Hsu S.-C., Chien C.-F.","https://www.scopus.com/inward/record.uri?eid=2-s2.0-33846922481&partnerID=40&md5=3a4ac61f2d5dbf84ccaef569c8000ec6"
"Schuerenberg B.K.","https://www.scopus.com/inward/record.uri?eid=2-s2.0-34447133510&partnerID=40&md5=6021e690310b2c5cb52a380b66e98c21"
"Sumathi S., Sivanandam S.N.","https://www.scopus.com/inward/record.uri?eid=2-s2.0-33750060317&partnerID=40&md5=3030321d87541766963b05a9b7bcabc5"
"Munck L.","https://www.scopus.com/inward/record.uri?eid=2-s2.0-33750738133&partnerID=40&md5=7e8af1c9d8e9c367d0ac510abed54554"
"Guo J.-F., Zhang J.-P., Hu Z.-Z., Shen Q.-P.","https://www.scopus.com/inward/record.uri?eid=2-s2.0-33845516536&partnerID=40&md5=48ab3b1dc6f3fe4e80a6c9e96e85801d"
"Öztürk A., Kayaligil S., Özdemirel N.E.","https://www.scopus.com/inward/record.uri?eid=2-s2.0-33646526306&partnerID=40&md5=a1a968576a214c9ad879d4cdc93cc319"
"Laviosa S.","https://www.scopus.com/inward/record.uri?eid=2-s2.0-33748487168&partnerID=40&md5=1736333b219d4f5d917e5fd58cc7f1fb"
"Sharma B.K., Bajpai S.K., Bansal A.","https://www.scopus.com/inward/record.uri?eid=2-s2.0-33748495609&partnerID=40&md5=ad34c4ae5b8db7a39c5631f6529d0ce4"
"Jin N., Zhou S.","https://www.scopus.com/inward/record.uri?eid=2-s2.0-33746360247&partnerID=40&md5=1fa34adf2b1272b7bd3d04a2a33e1344"
"Sugihara T.","https://www.scopus.com/inward/record.uri?eid=2-s2.0-33745055579&partnerID=40&md5=9f1bc6f3252131dac47443872958500a"
"Rokach L., Maimon O.","https://www.scopus.com/inward/record.uri?eid=2-s2.0-33646433948&partnerID=40&md5=cefde0c95b0d22635723defdf8e79c43"
"Li T.-S., Huang C.-L., Wu Z.-Y.","https://www.scopus.com/inward/record.uri?eid=2-s2.0-33646421404&partnerID=40&md5=5220b4a79eba3b311e0f15f5ba9f7dcd"
"Girija N., Srivatsa S.K.","https://www.scopus.com/inward/record.uri?eid=2-s2.0-33749616638&partnerID=40&md5=a655809d9d1f5e2b8e15b4577ccc8fbe"
"Sadoyan H., Zakarian A., Mohanty P.","https://www.scopus.com/inward/record.uri?eid=2-s2.0-33644674337&partnerID=40&md5=ddeaa0f3ad391ae6c6283b0860afda41"
"Wen J., Zhu M., Xing H.","https://www.scopus.com/inward/record.uri?eid=2-s2.0-33344457425&partnerID=40&md5=89a42d93edf8d94ca7fe97e1951eb5de"
"Okuhara K., Ishii H., Uchida M.","https://www.scopus.com/inward/record.uri?eid=2-s2.0-25144477789&partnerID=40&md5=f20ef9d9bd8ef159329490262aecc635"
"Folorunso O., Ogunde A.O.","https://www.scopus.com/inward/record.uri?eid=2-s2.0-24144499176&partnerID=40&md5=fd55a2cd7f295418ecfcc997de365a29"
"Yamanishi K., Morinaga S.","https://www.scopus.com/inward/record.uri?eid=2-s2.0-23744450329&partnerID=40&md5=96f4f062a07d33fa66619bd0921fda4a"
"Emblemsvg J.","https://www.scopus.com/inward/record.uri?eid=2-s2.0-18844446638&partnerID=40&md5=468c8bf370d23405deb9a5bb5a9abbc3"
"Wu R.-C., Chen R.-S., Fan C.R.","https://www.scopus.com/inward/record.uri?eid=2-s2.0-9744283617&partnerID=40&md5=c4db752e39a7882a62b7e78ba21c9475"
"Berkhout A.J.","https://www.scopus.com/inward/record.uri?eid=2-s2.0-8744273693&partnerID=40&md5=9c5a6cbbd8fe654677021593d3b90a11"
"Chien C.-F., Hsiao A., Wang I.","https://www.scopus.com/inward/record.uri?eid=2-s2.0-24644523596&partnerID=40&md5=d487bae7a279f093c08b051f156e3192"
"Nicholson S.","https://www.scopus.com/inward/record.uri?eid=2-s2.0-0742323926&partnerID=40&md5=1c473caaceb2056f3684f77f0159e3f3"
"Azvine B., Nauck D., Ho C.","https://www.scopus.com/inward/record.uri?eid=2-s2.0-0345015504&partnerID=40&md5=0ed01612e92c7169810cc1cd55cb7dd6"
"Chen R.-S., Chen C.C., Chang C.C.","https://www.scopus.com/inward/record.uri?eid=2-s2.0-0037266496&partnerID=40&md5=da823c0288d66be15cca3390b283c229"
"Heinrichs J.H., Lim J.-S.","https://www.scopus.com/inward/record.uri?eid=2-s2.0-0037375151&partnerID=40&md5=2a90f0788d679e9439372c7611314cd2"
"Daskalaki S., Kopanas I., Goudara M., Avouris N.","https://www.scopus.com/inward/record.uri?eid=2-s2.0-0037332891&partnerID=40&md5=a37cef977de93ad8e542713e6a4c95ea"
"Anderson J., Kotsiopulos A.","https://www.scopus.com/inward/record.uri?eid=2-s2.0-1642348244&partnerID=40&md5=f919f4fd5186c80452f119f59c2ebd03"
"Tay L.","https://www.scopus.com/inward/record.uri?eid=2-s2.0-0036895406&partnerID=40&md5=7cdef2de2f98a439f69800ea456848cf"
"Zhu W., Chen J., Yin J.","https://www.scopus.com/inward/record.uri?eid=2-s2.0-0036697893&partnerID=40&md5=0277bd3a07bc33062093e8cbe07b9f98"
"Apte C., Liu B., Pednault E.P.D., Smyth P.","https://www.scopus.com/inward/record.uri?eid=2-s2.0-0042414012&partnerID=40&md5=3c76b315e4cf50ab0ec9ab63ba272648"
"Kohavi R., Rothleder N.J., Simoudis E.","https://www.scopus.com/inward/record.uri?eid=2-s2.0-0042414011&partnerID=40&md5=c16293e5e1f02465b620b0453f9f5983"
"Chien C.-F., Lin T.-H., Liu Q.-W., Peng C.-Y., Hsu S.-C., Huang C.-C.","https://www.scopus.com/inward/record.uri?eid=2-s2.0-24644523295&partnerID=40&md5=f95dea4d56a8b7155db1ec723dd21da9"
"Dagli C.H., Lee H.-C.","https://www.scopus.com/inward/record.uri?eid=2-s2.0-0035575056&partnerID=40&md5=b9ac39d0d61832d633dafcd7b37e6284"
"Chien C.-F., Lin T.-H., Peng C.-Y., Hsu S.-C.","https://www.scopus.com/inward/record.uri?eid=2-s2.0-0345277560&partnerID=40&md5=885e25f740984b28b0b820c2e543b6c7"
"Garrido L., Latorre J.I.","https://www.scopus.com/inward/record.uri?eid=2-s2.0-0035574617&partnerID=40&md5=1351d4704e24d5eacdb1c4ecfdac2f74"
"Gupta R.K.","https://www.scopus.com/inward/record.uri?eid=2-s2.0-0348238362&partnerID=40&md5=60c4877df8c09fc77706d2490d3a45a3"
"Lau H.C.W., Jiang B., Lee W.B., Lau K.H.","https://www.scopus.com/inward/record.uri?eid=2-s2.0-19944378483&partnerID=40&md5=c0e8e16ae49ae3b1bfadb3a1aa4dd2ac"
"Kusiak A.","https://www.scopus.com/inward/record.uri?eid=2-s2.0-0034960598&partnerID=40&md5=e949160a3f2c3ad2b34cd24b95c73e22"
"Kusiak A., Kern J.A., Kernstine K.H., Tseng B.T.L.","https://www.scopus.com/inward/record.uri?eid=2-s2.0-0034351692&partnerID=40&md5=c82bf5f1eb8a5b2e4faa1f6c332af526"
"Bagby J.W.","https://www.scopus.com/inward/record.uri?eid=2-s2.0-0034550247&partnerID=40&md5=73f435c9a99f24322fdc3aac099b12c7"
"Kostoff R.N., Geisler E.","https://www.scopus.com/inward/record.uri?eid=2-s2.0-0033393717&partnerID=40&md5=48790b0d365f0893845886383ca24680"
"Okasha A.","https://www.scopus.com/inward/record.uri?eid=2-s2.0-0033175817&partnerID=40&md5=b60ce028e3c32a6c9af0a490005266b3"
"Dunkel Brian, Soparkar Nandit","https://www.scopus.com/inward/record.uri?eid=2-s2.0-0032671296&partnerID=40&md5=5b0de076e2cc7aabd9477a1b5d52e03b"
"Kasravi K.","https://www.scopus.com/inward/record.uri?eid=2-s2.0-11344271629&partnerID=40&md5=d694bbd50e38b380adc623e4da287061"
"Martinez-Baena J., Fdez-Valdivia J., Garcia J.A., Fdez-Vidal X.R.","https://www.scopus.com/inward/record.uri?eid=2-s2.0-0032140562&partnerID=40&md5=d7a22f19cd1bfd72bec08291d2ec3a95"
"Kim S.H., Lee C.M.","https://www.scopus.com/inward/record.uri?eid=2-s2.0-0031340773&partnerID=40&md5=8adbd98241d3208d4835df4bc1136ea0"
"Koonce D.A., Fang C.-H., Tsai S.-C.","https://www.scopus.com/inward/record.uri?eid=2-s2.0-0031249093&partnerID=40&md5=bb4b7b2585480af0db9a4214510d7e2c"
"Gür Ali F.Ö., Wallace W.A.","https://www.scopus.com/inward/record.uri?eid=2-s2.0-0031222519&partnerID=40&md5=7c6895e443d59d9500951fd92d970f08"
[No author name available],"https://www.scopus.com/inward/record.uri?eid=2-s2.0-0031093272&partnerID=40&md5=a1f09666d204e492fae716a72967e8bd"
"Parker K.","https://www.scopus.com/inward/record.uri?eid=2-s2.0-10044270005&partnerID=40&md5=56bf0ba645909b2c8e9e88ed028f1145"
"Rohrer J.E.","https://www.scopus.com/inward/record.uri?eid=2-s2.0-0028248418&partnerID=40&md5=979a336b215379de4b5a24f63baf9bc6"
"Ney H., Mergel D.","https://www.scopus.com/inward/record.uri?eid=2-s2.0-0026818496&partnerID=40&md5=11db7ed3e9486a5f5c595afa7d5425b9"
"O'Keefe R.M., Haddock J.","https://www.scopus.com/inward/record.uri?eid=2-s2.0-0026222801&partnerID=40&md5=6c523284b307eebdc1f8076e8ee50b57"
"Kuntscher H.","https://www.scopus.com/inward/record.uri?eid=2-s2.0-0025823240&partnerID=40&md5=9269e32747bef34f59319e3b51d78276"
"Hudson D.L., Estrin T.","https://www.scopus.com/inward/record.uri?eid=2-s2.0-0021155687&partnerID=40&md5=c926c9552d2dad95988f94dea1e0a62f"
"Tedford J.R.","https://www.scopus.com/inward/record.uri?eid=2-s2.0-84960576960&partnerID=40&md5=5aab147bb55a63f9e5175b78925beff8"
"Langham M.R.","https://www.scopus.com/inward/record.uri?eid=2-s2.0-84960569355&partnerID=40&md5=cdf346da1539b1ed31b08b451579d4e7"
