Authors,Link	
Shortridge J., Aven T., Guikema S.,	https://www.scopus.com/inward/record.uri?eid=2-s2.0-84994745056&partnerID=40&md5=64023d71ea668e479a674d89e4cb7521
Noor M.H.M., Salcic Z., Wang K.I.-K.,	https://www.scopus.com/inward/record.uri?eid=2-s2.0-84994779131&partnerID=40&md5=1b669a6ac6050d9b904d02e0005d6578
Kwakkel J.H., Haasnoot M., Walker W.E.,	https://www.scopus.com/inward/record.uri?eid=2-s2.0-84991486853&partnerID=40&md5=26fc79946a7d3716de0496f9626f2cc7
Forni L.G., Galaitsi S.E., Mehta V.K., Escobar M.I., Purkey D.R., Depsky N.J., Lima N.A.,	https://www.scopus.com/inward/record.uri?eid=2-s2.0-84992371589&partnerID=40&md5=029b232a0826b001b8f3907d86f16af8
Leonetti M., Iocchi L., Stone P.,	https://www.scopus.com/inward/record.uri?eid=2-s2.0-84988493689&partnerID=40&md5=d9a681ca374e627ae1650ec861934c6f
Kim Y.-J.,	https://www.scopus.com/inward/record.uri?eid=2-s2.0-84988928468&partnerID=40&md5=ee7ae8588d934c7ca3066abb97a8584b
Carrasco C., Keeney L., Scott M., Napier-Munn T.J.,	https://www.scopus.com/inward/record.uri?eid=2-s2.0-84991712842&partnerID=40&md5=954fb67088f187ca86bc10602da051d2
Mahmoud Zadeh S., Powers D.M.W., Sammut K., Yazdani A.M.,	https://www.scopus.com/inward/record.uri?eid=2-s2.0-84995745554&partnerID=40&md5=6454fd3bb9b807f3e218477019a202f9
Shortridge J., Guikema S., Zaitchik B.,	https://www.scopus.com/inward/record.uri?eid=2-s2.0-84994275147&partnerID=40&md5=885bce95bcdd4e7f6e4ef795867c10ce
de Haan F.J., Rogers B.C., Brown R.R., Deletic A.,	https://www.scopus.com/inward/record.uri?eid=2-s2.0-84985990145&partnerID=40&md5=c0117416dcb16b1ad351bb5239b4249e
Ji X., Niu Y., Shen L.,	https://www.scopus.com/inward/record.uri?eid=2-s2.0-84994759269&partnerID=40&md5=14c5c164ac7e35f7db185dc16c78e442
Auping W.L., Pruyt E., de Jong S., Kwakkel J.H.,	https://www.scopus.com/inward/record.uri?eid=2-s2.0-84986880428&partnerID=40&md5=b83ca3f0823788083a0ae4921da30bf7
Herman J.D., Zeff H.B., Lamontagne J.R., Reed P.M., Characklis G.W.,	https://www.scopus.com/inward/record.uri?eid=2-s2.0-84994474392&partnerID=40&md5=1b0db52b0a87d1cbb71026b1a592a896
Kwakkel J.H., Cunningham S.C.,	https://www.scopus.com/inward/record.uri?eid=2-s2.0-84978394264&partnerID=40&md5=a05924dada4918d240c774a3d2b54fea
Carlsen H., Lempert R., Wikman-Svahn P., Schweizer V.,	https://www.scopus.com/inward/record.uri?eid=2-s2.0-84979085712&partnerID=40&md5=d3e424c2afa328a6cc6c5f7706253af8
Broderick C., Matthews T., Wilby R.L., Bastola S., Murphy C.,	https://www.scopus.com/inward/record.uri?eid=2-s2.0-84995948067&partnerID=40&md5=6b9a3167f83f8b794b8803963df2ffef
Chattopadhyay D., Spyrou E., Mukhi N., Bazilian M., Vogt-Schilb A.,	https://www.scopus.com/inward/record.uri?eid=2-s2.0-84988723564&partnerID=40&md5=51a965218f49bcaaeea51e396f9895e7
Nahmmacher P., Schmid E., Pahle M., Knopf B.,	https://www.scopus.com/inward/record.uri?eid=2-s2.0-84988514062&partnerID=40&md5=b0b6fe3253beb5a1dd6120c083c86e46
Jiang L., Wang J., Shah N., Cai H., Huang C., Farmer R.,	https://www.scopus.com/inward/record.uri?eid=2-s2.0-84951777028&partnerID=40&md5=58165820f1b77b275c931bd2d92afff0
Larsen L.G., Eppinga M.B., Passalacqua P., Getz W.M., Rose K.A., Liang M.,	https://www.scopus.com/inward/record.uri?eid=2-s2.0-84978252830&partnerID=40&md5=4b72d65f2e9db5a8dc6192fa7da7ce68
Hong X., Guo S., Wang L., Yang G., Liu D., Guo H., Wang J.,	https://www.scopus.com/inward/record.uri?eid=2-s2.0-84991094139&partnerID=40&md5=76fce25f7c6d2726fc90d4490dbb27ff
Halim R.A., Kwakkel J.H., Tavasszy L.A.,	https://www.scopus.com/inward/record.uri?eid=2-s2.0-84950970778&partnerID=40&md5=d82473b5bb3e003cc4c1169e3e1dad30
Zhang Y., D’Argenio D.Z.,	https://www.scopus.com/inward/record.uri?eid=2-s2.0-84978139041&partnerID=40&md5=04912f04005c135b2429e25c3613c1db
Forrest S., Mitchell M.,	https://www.scopus.com/inward/record.uri?eid=2-s2.0-84979939227&partnerID=40&md5=76c3f6ef62677e9d995ac3d263e503f3
Velazquez Abad A., Cherrett T., Waterson B.,	https://www.scopus.com/inward/record.uri?eid=2-s2.0-84978717702&partnerID=40&md5=995ed5931a08c585e860d41330c42d11
Huiban M., Coello C., Wu K., Xu Y., Lewis Y., Brown A.P., Buraglio M., Guan C., Shabbir S., Fong R., Passchier J., Rabiner E.A., Lockhart A.,	https://www.scopus.com/inward/record.uri?eid=2-s2.0-84978062297&partnerID=40&md5=42b154f6d6c6d2f383c64be327b6f6f9
Sniedovich M.,	https://www.scopus.com/inward/record.uri?eid=2-s2.0-84954289299&partnerID=40&md5=e3360f16e7bdee175c8b4046faf43dfb
Chesson H.W., Kidd S., Bernstein K.T., Fanfair R.N., Gift T.L.,	https://www.scopus.com/inward/record.uri?eid=2-s2.0-84975859162&partnerID=40&md5=cac3ea0191f47f7861a791ae73d12e2d
Li K., Laird A.R., Price L.R., McKay D.R., Blangero J., Glahn D.C., Fox P.T.,	https://www.scopus.com/inward/record.uri?eid=2-s2.0-84980325780&partnerID=40&md5=610078321cd5b616c6ec183daf0156ff
Greeven S., Kraan O., Chappin É.J.L., Kwakkel J.H.,	https://www.scopus.com/inward/record.uri?eid=2-s2.0-84978977087&partnerID=40&md5=108cd14a32ff0f50a4c0c19553ea191e
Guivarch C., Rozenberg J., Schweizer V.,	https://www.scopus.com/inward/record.uri?eid=2-s2.0-84977943161&partnerID=40&md5=5b1d66cea54d67abccfac4a1ae8ffed3
Coati D., Distefano R., Bombieri N., Fummi F., Mirenda M., Laudanna C., Giugno R.,	https://www.scopus.com/inward/record.uri?eid=2-s2.0-84978531510&partnerID=40&md5=29079a311a55f0b8307b7fc8c19f1905
Patel R., Xu K., Friedman E.G., Raghavan P.,	https://www.scopus.com/inward/record.uri?eid=2-s2.0-84974678582&partnerID=40&md5=c01ff300a6f87572cbc40c882aaba650
Soulios I., Psillos D.,	https://www.scopus.com/inward/record.uri?eid=2-s2.0-84969752485&partnerID=40&md5=25a6c69b6ad57569cedfa4ce9b79da0a
Kwakkel J.H., Jaxa-Rozen M.,	https://www.scopus.com/inward/record.uri?eid=2-s2.0-84960118746&partnerID=40&md5=5c704c4b2fc5fe5ec54bdb34371e6482
Pianosi F., Beven K., Freer J., Hall J.W., Rougier J., Stephenson D.B., Wagener T.,	https://www.scopus.com/inward/record.uri?eid=2-s2.0-84958522250&partnerID=40&md5=68db05423f7c14b3b2b96104519f1127
Islam T., Pruyt E.,	https://www.scopus.com/inward/record.uri?eid=2-s2.0-84959900245&partnerID=40&md5=83d1973c3e62b25701ece21baca11132
Sarraf S., Saverino C., Golestani A.M.,	https://www.scopus.com/inward/record.uri?eid=2-s2.0-84968677712&partnerID=40&md5=9d7ab48aca4e3102dfd1b60e0cb45a3b
Noori M., Zhao Y., Onat N.C., Gardner S., Tatari O.,	https://www.scopus.com/inward/record.uri?eid=2-s2.0-84957088452&partnerID=40&md5=76d241f04bb8e1dcc4537bdd48f623c4
Chu E., Anguelovski I., Carmin J.,	https://www.scopus.com/inward/record.uri?eid=2-s2.0-84961288888&partnerID=40&md5=66a5a29b269d2e75269c7ddb386295ee
Giuliani M., Castelletti A.,	https://www.scopus.com/inward/record.uri?eid=2-s2.0-84954329166&partnerID=40&md5=705d287dd380ee1f7a9331296ca50fc7
Wang D., Zhang Y., Jia X., Jiang P., Guo B.,	https://www.scopus.com/inward/record.uri?eid=2-s2.0-84961912390&partnerID=40&md5=3b5c0300c8ec6dfbe393699641682a9a
Mechler R.,	https://www.scopus.com/inward/record.uri?eid=2-s2.0-84960462047&partnerID=40&md5=73e229d9c8ec1f42e46742fe62ebf1b0
Grau-Moya J., Ortega P.A., Braun D.A.,	https://www.scopus.com/inward/record.uri?eid=2-s2.0-84965139286&partnerID=40&md5=cb0f485055497d6accf17b58915b42ef
Cai Y., Yue W., Xu L., Yang Z., Rong Q.,	https://www.scopus.com/inward/record.uri?eid=2-s2.0-84955474448&partnerID=40&md5=73c78aca3634f5a5a875f237ed6e1169
Arnold S., Attinger S., Frank K., Baxter P., Possingham H., Hildebrandt A.,	https://www.scopus.com/inward/record.uri?eid=2-s2.0-84959295395&partnerID=40&md5=1e467b45aff60240234fa4b715ff5cc7
Matsumoto H., Dickson M.E., Kench P.S.,	https://www.scopus.com/inward/record.uri?eid=2-s2.0-84987736300&partnerID=40&md5=aaad02a46a54a6c4b745caa9dbcfb6a2
Dittrich R., Wreford A., Moran D.,	https://www.scopus.com/inward/record.uri?eid=2-s2.0-84954482916&partnerID=40&md5=71e2d8680b0fa2c154ef24ce83a84d9a
Sierra-Pérez J., Boschmonart-Rives J., Gabarrell X.,	https://www.scopus.com/inward/record.uri?eid=2-s2.0-84951862110&partnerID=40&md5=54cc8460f7b1ff8220bfe41d0d951350
Noori M., Tatari O.,	https://www.scopus.com/inward/record.uri?eid=2-s2.0-84957076548&partnerID=40&md5=13eac538f2eaa321c8ed037306f6d9a8
Shortridge J.E., Guikema S.D.,	https://www.scopus.com/inward/record.uri?eid=2-s2.0-84975709121&partnerID=40&md5=b908afccb6a473dc56cce3b6209f8f7f
Bhave A.G., Conway D., Dessai S., Stainforth D.A.,	https://www.scopus.com/inward/record.uri?eid=2-s2.0-84992217822&partnerID=40&md5=4e26e36de16227be3154a64ecc21d207
Bowen G., Bowen D.,	https://www.scopus.com/inward/record.uri?eid=2-s2.0-84981501196&partnerID=40&md5=17a7e80ed26a7972943e5f7ff32b355e
Bisaro A., Swart R., Hinkel J.,	https://www.scopus.com/inward/record.uri?eid=2-s2.0-84953350016&partnerID=40&md5=acb3d2ed9a6e09c95f8ea36c3c3a3afa
Field J.N., Mohrmann F., Fucke L., Grácio B.C.,	https://www.scopus.com/inward/record.uri?eid=2-s2.0-84985953092&partnerID=40&md5=342cb6cf8db9f4dfcada708496c67a1c
Bretag T., Mahmud S.,	https://www.scopus.com/inward/record.uri?eid=2-s2.0-84978204067&partnerID=40&md5=34d8f1e5a09a9faba1feb6f53f15e75d
Sniedovich M.,	https://www.scopus.com/inward/record.uri?eid=2-s2.0-84978424178&partnerID=40&md5=793fa54c41ba31e702647e270157ead1
Ranjbar H., Hosseini S.H.,	https://www.scopus.com/inward/record.uri?eid=2-s2.0-84976906537&partnerID=40&md5=17d431fb4f97d370b4e6dc9e26f0f4a1
Kwakkel J.H., Eker S., Pruyt E.,	https://www.scopus.com/inward/record.uri?eid=2-s2.0-84978429658&partnerID=40&md5=cbb527241cb67be7c55cbaff6599befb
Broderick C., Matthews T., Wilby R.L., Bastola S., Murphy C.,	https://www.scopus.com/inward/record.uri?eid=2-s2.0-84995550673&partnerID=40&md5=4c7894d64a5a447d4ffbabb816433aa5
Batouli M., Mostafavi A.,	https://www.scopus.com/inward/record.uri?eid=2-s2.0-84976402537&partnerID=40&md5=e3539aa8723851da528d75a40d9348dd
Deleuran A.H., Pauly M., Tamke M., Tinning I.F., Thomsen M.R.,	https://www.scopus.com/inward/record.uri?eid=2-s2.0-84992364759&partnerID=40&md5=e848aedf03f3f8ac332b85628ec3da83
Yilmaz L.,	https://www.scopus.com/inward/record.uri?eid=2-s2.0-84994568483&partnerID=40&md5=7084a17c4009eec66a2a47cb3aec4427
Li Y., Bai C., Reddy C.K.,	https://www.scopus.com/inward/record.uri?eid=2-s2.0-84949198542&partnerID=40&md5=5af34adc332b4246102a9b23b57741cd
Roast C., Leitão R., Gunning M.,	https://www.scopus.com/inward/record.uri?eid=2-s2.0-84979620079&partnerID=40&md5=ae842c8f71387408d219c19a6e14249e
Schwarz T., Spaczynski M., Kaufmann A., Wysocki J., Ga?aj A., Schulze K., Suryakiran P., Thomas F., Descamps D.,	https://www.scopus.com/inward/record.uri?eid=2-s2.0-84920169510&partnerID=40&md5=190dc8aa8f17bbf552ce14244d7e54a9
Thissen W., Kwakkel J., Mens M., van der Sluijs J., Stemberger S., Wardekker A., Wildschut D.,	https://www.scopus.com/inward/record.uri?eid=2-s2.0-84951856906&partnerID=40&md5=fef3607c67fca36a9a1166c53ac8da7f
Hadka D., Herman J., Reed P., Keller K.,	https://www.scopus.com/inward/record.uri?eid=2-s2.0-84939535868&partnerID=40&md5=ac493b140ec32171879ec3994c2a272e
Moghaddass R., Rudin C.,	https://www.scopus.com/inward/record.uri?eid=2-s2.0-84960465254&partnerID=40&md5=5fe09431832588e2bd4876c5d1a31cec
Azarnivand A.,	https://www.scopus.com/inward/record.uri?eid=2-s2.0-84941061686&partnerID=40&md5=87d6780badde378672c6f0d655a72599
White D.D., Withycombe Keeler L., Wiek A., Larson K.L.,	https://www.scopus.com/inward/record.uri?eid=2-s2.0-84925707964&partnerID=40&md5=cd791b2a773887b03d52ea22817fcf83
Rizwan M., Zaman M., Lee J.H., Gani R.,	https://www.scopus.com/inward/record.uri?eid=2-s2.0-84941283807&partnerID=40&md5=fd2f7265a95ea4ed36c1d98951858648
Hu X.-X., Chen Y., Luo H.,	https://www.scopus.com/inward/record.uri?eid=2-s2.0-84946563494&partnerID=40&md5=2ab285430d11a3ff467df5bf02bef772
Rodrigues D.B.B., Gupta H.V., Mendiondo E.M., Oliveira P.T.S.,	https://www.scopus.com/inward/record.uri?eid=2-s2.0-84956789526&partnerID=40&md5=a07cd181dc21a059669e6ba6093bbddc
Dang M., Lienhard S., Ceylan D., Neubert B., Wonka P., Pauly M.,	https://www.scopus.com/inward/record.uri?eid=2-s2.0-84995755407&partnerID=40&md5=98af5b7b7e86f965b5039913b30b1049
Brown I., Everard M.,	https://www.scopus.com/inward/record.uri?eid=2-s2.0-84929582555&partnerID=40&md5=1b06fcf3223c9df52680cb9735f5c0bb
Hansen C., Daim T., Ernst H., Herstatt C.,	https://www.scopus.com/inward/record.uri?eid=2-s2.0-84954305975&partnerID=40&md5=979e1017b1c42bb298ad6a3236591938
Grubler A., Ermoliev Y., Kryazhimskiy A.,	https://www.scopus.com/inward/record.uri?eid=2-s2.0-84941170354&partnerID=40&md5=dac93c4f4c6bc0194f07944dd0769d16
Pellizzari P., Sartori E., Tolotti M.,	https://www.scopus.com/inward/record.uri?eid=2-s2.0-84955170921&partnerID=40&md5=0f921b9dd830ca4537713842d89ac2f1
Demski C., Butler C., Parkhill K.A., Spence A., Pidgeon N.F.,	https://www.scopus.com/inward/record.uri?eid=2-s2.0-84938569181&partnerID=40&md5=36ee35026b4ccf33e2522c2e5ceccd98
Isley S.C., Lempert R.J., Popper S.W., Vardavas R.,	https://www.scopus.com/inward/record.uri?eid=2-s2.0-84938059213&partnerID=40&md5=ab2bc4569352e5e1c0ea688ae3c98c60
Ahmadi M.H., Ahmadi M.A., Sadatsakkak S.A.,	https://www.scopus.com/inward/record.uri?eid=2-s2.0-84937828100&partnerID=40&md5=8533e49bee68c8d27e03e9bd8bdf2db3
Casal-Campos A., Fu G., Butler D., Moore A.,	https://www.scopus.com/inward/record.uri?eid=2-s2.0-84937510436&partnerID=40&md5=27e1b068a934553e418c7b331816ebcc
Frieler K., Levermann A., Elliott J., Heinke J., Arneth A., Bierkens M.F.P., Ciais P., Clark D.B., Deryng D., Döll P., Falloon P., Fekete B., Folberth C., Friend A.D., Gellhorn C., Gosling S.N., Haddeland I., Khabarov N., Lomas M., Masaki Y., Nishina K., Neumann K., Oki T., Pavlick R., Ruane A.C., Schmid E., Schmitz C., Stacke T., Stehfest E., Tang Q., Wisser D., Huber V., Piontek F., Warszawski L., Schewe J., Lotze-Campen H., Schellnhuber H.J.,	https://www.scopus.com/inward/record.uri?eid=2-s2.0-84937116207&partnerID=40&md5=319cc7d9e26a1181fd758682af8efc78
Groves D.G., Bloom E., Lempert R.J., Fischbach J.R., Nevills J., Goshi B.,	https://www.scopus.com/inward/record.uri?eid=2-s2.0-84931031051&partnerID=40&md5=30a72b2c887b47e735c7989bdd2f6131
Ahmadi T., Karimi H., Davoudpour H., Hosseinijou S.A.,	https://www.scopus.com/inward/record.uri?eid=2-s2.0-84939971051&partnerID=40&md5=eaf74e614e6c491a61f0c8a747994ecc
Seo D.-J., Siddique R., Ahnert P.,	https://www.scopus.com/inward/record.uri?eid=2-s2.0-84925340714&partnerID=40&md5=b05548783051bfbe949133850897ff83
López R., De Pontual H., Bertignac M., Mahévas S.,	https://www.scopus.com/inward/record.uri?eid=2-s2.0-84963594613&partnerID=40&md5=1cf9874aa4091e05f4bcd10cabb47693
Parker A.M., Srinivasan S.V., Lempert R.J., Berry S.H.,	https://www.scopus.com/inward/record.uri?eid=2-s2.0-84920189724&partnerID=40&md5=0d8835a00f79c78cea52f13180dac6f1
[No author name available],	https://www.scopus.com/inward/record.uri?eid=2-s2.0-84948447379&partnerID=40&md5=1a90d713db4fde68d02da90413d4e465
Auping W.L., Pruyt E., Kwakkel J.H.,	https://www.scopus.com/inward/record.uri?eid=2-s2.0-84935139870&partnerID=40&md5=afbe01cb982b08ae582534941664a5a1
Chow Y., Tamar A., Mannor S., Pavone M.,	https://www.scopus.com/inward/record.uri?eid=2-s2.0-84965147247&partnerID=40&md5=b07f388a4ffdd6ad48b1d6546f891a54
Schätter F., Hansen O., Herrmannsdörfer M., Wiens M., Schultmann F.,	https://www.scopus.com/inward/record.uri?eid=2-s2.0-84946067358&partnerID=40&md5=45680d11c67aec130af6ad85b269d885
Pruyt E.,	https://www.scopus.com/inward/record.uri?eid=2-s2.0-84944524446&partnerID=40&md5=710f23c02d715dbb3538b38532144345
Herman J.D., Reed P.M., Zeff H.B., Characklis G.W.,	https://www.scopus.com/inward/record.uri?eid=2-s2.0-84939499206&partnerID=40&md5=e3b034b3354a8af8acabc189dda3be1b
Singh R., Reed P.M., Keller K.,	https://www.scopus.com/inward/record.uri?eid=2-s2.0-84939545496&partnerID=40&md5=57d63ab39323aaffc6f38e01da4a1147
Kalinina M.,	https://www.scopus.com/inward/record.uri?eid=2-s2.0-84926387585&partnerID=40&md5=347ec641608b4fb4a723a03604a03286
Mohapatra A., Bijwe P.R., Panigrahi B.K.,	https://www.scopus.com/inward/record.uri?eid=2-s2.0-84907783083&partnerID=40&md5=0bae1b585b7ed1cdf60be2f6f0b2d5aa
Wang P., Zhang Y., Lü J., Yu X.,	https://www.scopus.com/inward/record.uri?eid=2-s2.0-84921966538&partnerID=40&md5=cb252413f7078340d0ef4fe415dbbb77
Montella R., Kelly D., Xiong W., Brizius A., Elliott J., Madduri R., Maheshwari K., Porter C., Vilter P., Wilde M., Zhang M., Foster I.,	https://www.scopus.com/inward/record.uri?eid=2-s2.0-84944874118&partnerID=40&md5=ab05651c676fa75a02a43086647cda67
Shortridge J.E., Aven T., Guikema S.D.,	https://www.scopus.com/inward/record.uri?eid=2-s2.0-84958983941&partnerID=40&md5=ca3b65f1a7eeedb701c87d63489ddf2e
Hu J., Mehrotra S.,	https://www.scopus.com/inward/record.uri?eid=2-s2.0-84922684275&partnerID=40&md5=c5871778dccce209e5006645d1fc7155
Bai H., Cai S., Ye N., Hsu D., Lee W.S.,	https://www.scopus.com/inward/record.uri?eid=2-s2.0-84938236112&partnerID=40&md5=ae1ea0c7b082109dab325c4ffb30b135
Hall J.W., Henriques J.J., Hickford A.J., Nicholls R.J., Baruah P., Birkin M., Chaudry M., Curtis T.P., Eyre N., Jones C., Kilsby C.G., Leathard A., Lorenz A., Malleson N., McLeod F., Powrie W., Preston J., Rai N., Street R., Stringfellow A., Thoung C., Tyler P., Velykiene R., Watson G., Watson J.W.,	https://www.scopus.com/inward/record.uri?eid=2-s2.0-84912558988&partnerID=40&md5=a344559702d00aed22aa1a231de62c40
Bowyer P., Schaller M., Bender S., Jacob D.,	https://www.scopus.com/inward/record.uri?eid=2-s2.0-84944519930&partnerID=40&md5=feddf114f20f6be3a47e1018256ba22d
Cole Z., Holland S., Donohoe H.,	https://www.scopus.com/inward/record.uri?eid=2-s2.0-84947041776&partnerID=40&md5=f993f594c8b33efc21799475ac4bbc14
Rizwan M., Lee J.H., Gani R.,	https://www.scopus.com/inward/record.uri?eid=2-s2.0-84940544036&partnerID=40&md5=4bb36bf79aa18b9a27756fc7ee145150
Xie J., Wan Y., Zhou Y., Mills K., Filliben J.J., Lei Y.,	https://www.scopus.com/inward/record.uri?eid=2-s2.0-84940514818&partnerID=40&md5=0d9d8d403f89b42bd290ecc36eedeea9
Pye S., Sabio N., Strachan N.,	https://www.scopus.com/inward/record.uri?eid=2-s2.0-84945537843&partnerID=40&md5=669a10d9ec56221d4700898882512c3f
Mendoza J.M.F., Sanyé-Mengual E., Angrill S., García-Lozano R., Feijoo G., Josa A., Gabarrell X., Rieradevall J.,	https://www.scopus.com/inward/record.uri?eid=2-s2.0-84940051202&partnerID=40&md5=b68022c3fd1fb2a49f81bb19b435bb54
Van Buren K.L., Hemez F.M.,	https://www.scopus.com/inward/record.uri?eid=2-s2.0-84922422529&partnerID=40&md5=1b19e721c83d2d08d00394f45af70536
Barker S.G., Summers M.P.,	https://www.scopus.com/inward/record.uri?eid=2-s2.0-84948461462&partnerID=40&md5=19f7febb908f323494762ced324de0a0
Barker S.G., Summers M.P.,	https://www.scopus.com/inward/record.uri?eid=2-s2.0-84948451855&partnerID=40&md5=e008b75ec6a206edd5a4352d78142df3
Xu X.-B., Zheng J., Xu D.-L., Yang J.-B.,	https://www.scopus.com/inward/record.uri?eid=2-s2.0-84947571814&partnerID=40&md5=77f613bdabc4325f269af6299d3fcd46
Genovese E., Green C.,	https://www.scopus.com/inward/record.uri?eid=2-s2.0-84937636330&partnerID=40&md5=dd9043c70902218556417e36775cce54
Faraji E., Afshar A., Rasekh A.,	https://www.scopus.com/inward/record.uri?eid=2-s2.0-84935053870&partnerID=40&md5=464bb12f8fc8f4029d8742e2c6c18a38
Pattanaik L.N., Yadav G.,	https://www.scopus.com/inward/record.uri?eid=2-s2.0-84938930709&partnerID=40&md5=42862c36e62302c3aa6f04c03ba640fc
Scherer R., Billinger M., Wagner J., Schwarz A., Hettich D.T., Bolinger E., Lloria Garcia M., Navarro J., Müller-Putz G.,	https://www.scopus.com/inward/record.uri?eid=2-s2.0-84923320918&partnerID=40&md5=2eb463c9f5d80165e27101dc77fea271
Anyanwu C., Afekhume D., Onobrakpeya C., Sonde A., Kakayor O.,	https://www.scopus.com/inward/record.uri?eid=2-s2.0-84958559452&partnerID=40&md5=7327e384a297478e6acab0393a1bdc1b
Villa V., Paltrinieri N., Cozzani V.,	https://www.scopus.com/inward/record.uri?eid=2-s2.0-84946059614&partnerID=40&md5=3182de082612c84b2a977b7f162590d6
Noori M., Gardner S., Tatari O.,	https://www.scopus.com/inward/record.uri?eid=2-s2.0-84942015585&partnerID=40&md5=41b8eb01a61bd91507e5802911829d64
Pruyt E., Auping W.L., Kwakkel J.H.,	https://www.scopus.com/inward/record.uri?eid=2-s2.0-84923841945&partnerID=40&md5=24537ccf579f769499a28ad88734cee3
Eker S., van Daalen E.,	https://www.scopus.com/inward/record.uri?eid=2-s2.0-84932600124&partnerID=40&md5=96ff82b9a39766cfe9c3a41e1bd59254
Bach P.M., McCarthy D.T., Deletic A.,	https://www.scopus.com/inward/record.uri?eid=2-s2.0-84923511359&partnerID=40&md5=9553bad84a1a994771c627be50d5f9a4
Campbell T., Oh P.S., Maughn M., Kiriazis N., Zuwallack R.,	https://www.scopus.com/inward/record.uri?eid=2-s2.0-84922990374&partnerID=40&md5=acd1b151587e3295589cdbd09fd5cff0
Hess C.B., Singer M., Khaku A., Malinou J., Juliano J.J., Varlotto J.M., Wagner H., Liao J., Myers K.R., Levine M.P., Mackley H.B.,	https://www.scopus.com/inward/record.uri?eid=2-s2.0-84937677686&partnerID=40&md5=f353e43abb1113289f4cf9f25cef3371
Urich C., Rauch W.,	https://www.scopus.com/inward/record.uri?eid=2-s2.0-84907663311&partnerID=40&md5=ee303e0fb622797ae8a2e877404852d2
Tollefsen K.E., Scholz S., Cronin M.T., Edwards S.W., de Knecht J., Crofton K., Garcia-Reyero N., Hartung T., Worth A., Patlewicz G.,	https://www.scopus.com/inward/record.uri?eid=2-s2.0-84922433050&partnerID=40&md5=4273b7b1f0f5a4f7d5916828cf3bc5de
Noori M., Tatari O., Nam B., Golestani B., Greene J.,	https://www.scopus.com/inward/record.uri?eid=2-s2.0-84907954728&partnerID=40&md5=7de6011eb7a0d3f79c4d661a71b6b65f
Watkiss P., Hunt A., Blyth W., Dyszynski J.,	https://www.scopus.com/inward/record.uri?eid=2-s2.0-84942363035&partnerID=40&md5=53b1ba1f7e464fbc6372032fe1e892e1
Jolly G.E., Keys H.J.R., Procter J.N., Deligne N.I.,	https://www.scopus.com/inward/record.uri?eid=2-s2.0-84910594225&partnerID=40&md5=f89f50b6bb6667f9433675dcb7b7868a
Daron J.,	https://www.scopus.com/inward/record.uri?eid=2-s2.0-84942364143&partnerID=40&md5=5ab0880789dd936a41e867a5a3892b69
Tollefsen K.E., Scholz S., Cronin M.T., Edwards S.W., de Knecht J., Crofton K., Garcia-Reyero N., Hartung T., Worth A., Patlewicz G.,	https://www.scopus.com/inward/record.uri?eid=2-s2.0-84908424259&partnerID=40&md5=7dc8307958559899c886f2b85be91159
Wise R.M., Fazey I., Stafford Smith M., Park S.E., Eakin H.C., Archer Van Garderen E.R.M., Campbell B.,	https://www.scopus.com/inward/record.uri?eid=2-s2.0-84922465409&partnerID=40&md5=c3a70f76df23d0259bd74a370c7ed6a4
Larsen L., Thomas C., Eppinga M., Coulthard T.,	https://www.scopus.com/inward/record.uri?eid=2-s2.0-84905983125&partnerID=40&md5=93006c7ce2b5241a28b16df166aabba8
Besseris G.,	https://www.scopus.com/inward/record.uri?eid=2-s2.0-84927511422&partnerID=40&md5=ab9c52996b034d7ca099948a562b58b2
Matsuda E., Hubert J., Ikegami T.,	https://www.scopus.com/inward/record.uri?eid=2-s2.0-84904658611&partnerID=40&md5=8ef413e4f576335dc786060f0f3f7a38
Obinwa O., Peirce C.,	https://www.scopus.com/inward/record.uri?eid=2-s2.0-84953249929&partnerID=40&md5=b147f66516b395715a81f0de15c5d4ce
Gabrel V., Murat C., Thiele A.,	https://www.scopus.com/inward/record.uri?eid=2-s2.0-84894435128&partnerID=40&md5=1e0696b725ac74314bb0edeb985fa86c
Hallegatte S.,	https://www.scopus.com/inward/record.uri?eid=2-s2.0-84930334579&partnerID=40&md5=936efa738089a3f0650739682d4fd52f
Chylek P., Hengartner N., Lesins G., Klett J.D., Humlum O., Wyatt M., Dubey M.K.,	https://www.scopus.com/inward/record.uri?eid=2-s2.0-84901084295&partnerID=40&md5=bd4ef4e13e3fc32b9b5e08bf2f35703d
Galdino S.,	https://www.scopus.com/inward/record.uri?eid=2-s2.0-84949928262&partnerID=40&md5=3eb2fdcc6b77dac21037467b3cbe06e4
Shabanzadeh M., Dehbashian M.,	https://www.scopus.com/inward/record.uri?eid=2-s2.0-84983146809&partnerID=40&md5=339287e5ea739c7aa5aa8e12587ad970
Chen S., Choi A., Darwiche A.,	https://www.scopus.com/inward/record.uri?eid=2-s2.0-84899809681&partnerID=40&md5=477654572ad55573627eba4d1a41acd4
Mastragostino R., Patel S., Swartz C.L.E.,	https://www.scopus.com/inward/record.uri?eid=2-s2.0-84890960177&partnerID=40&md5=cc8a5611a70089d6b742d862248e8370
Kim Y., Chung E.-S.,	https://www.scopus.com/inward/record.uri?eid=2-s2.0-84890863739&partnerID=40&md5=3c2ae80ae1a16f2eeb345cbd14f0c580
Cole M.,	https://www.scopus.com/inward/record.uri?eid=2-s2.0-84888120151&partnerID=40&md5=0a243a58f5b2c51f51a2bfa2d2f82add
Van Buren K.L., Hemez F.M.,	https://www.scopus.com/inward/record.uri?eid=2-s2.0-84894457576&partnerID=40&md5=e39e4cfbca4a304a6b67108bd1468e14
[No author name available],	https://www.scopus.com/inward/record.uri?eid=2-s2.0-84894453004&partnerID=40&md5=c0a3e55b05c268f6999b58b25fab7294
Ferchichi A., Boulila W., Farah I.R.,	https://www.scopus.com/inward/record.uri?eid=2-s2.0-84988273448&partnerID=40&md5=fb730d1945af9d6d3be7d3e9f0dcafff
You H., Lambert J.H., Clarens A.F., McFarlane B.J.,	https://www.scopus.com/inward/record.uri?eid=2-s2.0-84893382552&partnerID=40&md5=aa0ab80d5d55f709c1d192f614402edd
Plevin R.J., Delucchi M.A., Creutzig F.,	https://www.scopus.com/inward/record.uri?eid=2-s2.0-84894262363&partnerID=40&md5=0cccdb9ce40b46bb7d468c00be74eb87
Walton D.M., Eilon-Avigdor Y., Wonderham M., Wilk P.,	https://www.scopus.com/inward/record.uri?eid=2-s2.0-84893668815&partnerID=40&md5=3fdcdbb67cc960a9da4e6898f48539b7
Sawik T.,	https://www.scopus.com/inward/record.uri?eid=2-s2.0-84908179647&partnerID=40&md5=7bfc5d1de5c2ac09db15d876107fbcc7
Fujita M., Goto Y., Nide N., Satoh K., Hosobe H.,	https://www.scopus.com/inward/record.uri?eid=2-s2.0-84911449269&partnerID=40&md5=7f33153b059eac3296b2056f119d27bd
Hermans L.M., Haasnoot M., Kwakkel J.H.,	https://www.scopus.com/inward/record.uri?eid=2-s2.0-84904788790&partnerID=40&md5=363b55ec9ffb2d3d552b0e530b051710
Revesz P.Z.,	https://www.scopus.com/inward/record.uri?eid=2-s2.0-84930149546&partnerID=40&md5=ed7fd79a034f58ce88f573928880e50d
Sawik T.,	https://www.scopus.com/inward/record.uri?eid=2-s2.0-84908258559&partnerID=40&md5=72c8752241bf8af4fc895451a31df954
Jeuland M., Whittington D.,	https://www.scopus.com/inward/record.uri?eid=2-s2.0-84895416415&partnerID=40&md5=306b837159288d3b28b87cf812210892
Paltrinieri N., Khan F., Amyotte P., Cozzani V.,	https://www.scopus.com/inward/record.uri?eid=2-s2.0-84929148011&partnerID=40&md5=c9a503ec78faef65c04fec2bdbbad74a
Kwakkel J.H., Cunningham S.C., Pruyt E.,	https://www.scopus.com/inward/record.uri?eid=2-s2.0-84910119475&partnerID=40&md5=95133754d8d63f5cc27059d750d3b385
Herman J.D., Zeff H.B., Reed P.M., Characklis G.W.,	https://www.scopus.com/inward/record.uri?eid=2-s2.0-84911408081&partnerID=40&md5=c0717e6021c1c8634ae7b4939e0a67d1
Fan W., Yang S., Pei J.,	https://www.scopus.com/inward/record.uri?eid=2-s2.0-84900505883&partnerID=40&md5=39da4d0c00f4cf4331a6c8f9efdadb71
Tingstad A.H., Groves D.G., Lempert R.J.,	https://www.scopus.com/inward/record.uri?eid=2-s2.0-84928939431&partnerID=40&md5=2bc54aa327df19135adbcd0bd35e6958
Sun C.-H.,	https://www.scopus.com/inward/record.uri?eid=2-s2.0-84903890546&partnerID=40&md5=a5b78ce7f1908f2cf581b35a9f6c6b47
Haas P.J.,	https://www.scopus.com/inward/record.uri?eid=2-s2.0-84904355042&partnerID=40&md5=60cbce3186d16087441890d506cdebbd
Malavolta I., Muccini H., Smrithi Rekha V.,	https://www.scopus.com/inward/record.uri?eid=2-s2.0-84911014861&partnerID=40&md5=66edaafcc72d819c3fb7bf8cf184889c
Subagadis Y.H., Schütze N., Grundmann J.,	https://www.scopus.com/inward/record.uri?eid=2-s2.0-84904789799&partnerID=40&md5=47eccf22a63d7b090b8934f9fd5476a3
Van De Walle B., Comes T.,	https://www.scopus.com/inward/record.uri?eid=2-s2.0-84903146969&partnerID=40&md5=1dd601ba14d1e0def99e11741f968875
Delarboulas P., Gaussier P., Caussy R., Quoy M.,	https://www.scopus.com/inward/record.uri?eid=2-s2.0-84958550027&partnerID=40&md5=f1481c031cc845ecc797fbc01d7f6612
Ryan G.W., Bloom E.W., Lowsky D.J., Linthicum M.T., Juday T., Rosenblatt L., Kulkarni S., Goldman D.P., Sayles J.N.,	https://www.scopus.com/inward/record.uri?eid=2-s2.0-84895107835&partnerID=40&md5=a386a07cae4003338d8976360f47fd59
Mathuria P., Bhakar R.,	https://www.scopus.com/inward/record.uri?eid=2-s2.0-84930989213&partnerID=40&md5=a4ddcef7af4c839579340864b669c768
García V., Marqués A.I., Sánchez J.S.,	https://www.scopus.com/inward/record.uri?eid=2-s2.0-84925484561&partnerID=40&md5=fc0f858e581ed542092ab9180f8361b1
Harris C.N.P., Quinn A.D., Bridgeman J.,	https://www.scopus.com/inward/record.uri?eid=2-s2.0-84898795502&partnerID=40&md5=f662f6a5cabe3a1175d9944118e6fd9e
Kucukvar M., Egilmez G., Tatari O.,	https://www.scopus.com/inward/record.uri?eid=2-s2.0-84904764030&partnerID=40&md5=17a3c1ca7287cf4779af07a39fdf8f29
Shuai Q., Tang J.,	https://www.scopus.com/inward/record.uri?eid=2-s2.0-84902160375&partnerID=40&md5=b85f31ee5e57609c11df3c1081bf78c2
Tirado J.M., Higuero D., Garcia Blas J., Isaila F., Carretero J.,	https://www.scopus.com/inward/record.uri?eid=2-s2.0-84904644707&partnerID=40&md5=0ac9e74c4283664d8b606e60bbc30a4d
Green M., Weatherhead E.K.,	https://www.scopus.com/inward/record.uri?eid=2-s2.0-84901496137&partnerID=40&md5=05ea21d767f9df826d3364421b80332a
Wei E., Bagheri S.R., Rangavajhala S., Shen E.,	https://www.scopus.com/inward/record.uri?eid=2-s2.0-84906725087&partnerID=40&md5=1d0889b2a2f9fc5d7991cea8a4382632
Kasprzyk J., Guillaume J., Kollat J., Danilo C.,	https://www.scopus.com/inward/record.uri?eid=2-s2.0-84911867801&partnerID=40&md5=b6b3b74398984b65237b47e689df335d
Suh S., Yang Y.,	https://www.scopus.com/inward/record.uri?eid=2-s2.0-84902539052&partnerID=40&md5=9fe1b303dc14d30acdb57e17467c31cc
Bino G., Steinfeld C., Kingsford R.T.,	https://www.scopus.com/inward/record.uri?eid=2-s2.0-84893424569&partnerID=40&md5=44cc5905f5cc51070efe3b6b26a76652
Khalilpour R.,	https://www.scopus.com/inward/record.uri?eid=2-s2.0-84891489294&partnerID=40&md5=23fdd91ebb2490e57855aba2dfbf520d
Opeyemi A., Shrikant T., Steve K., John B., Helmut L., Mohammed M., Abdullah A., Ibrahim A., Ahmed T.,	https://www.scopus.com/inward/record.uri?eid=2-s2.0-84994092365&partnerID=40&md5=97e4859b21a1690dcd47809af6682fea
Qiu H., Song Y., Zhao T.,	https://www.scopus.com/inward/record.uri?eid=2-s2.0-84902491107&partnerID=40&md5=e7b42a1ea5462b2a04984c8988201c50
Halsmayer V.,	https://www.scopus.com/inward/record.uri?eid=2-s2.0-84923858526&partnerID=40&md5=b19393a1791a13ebfc66297b9e0ea756
Heijnen P.W., Ligtvoet A., Stikkelman R.M., Herder P.M.,	https://www.scopus.com/inward/record.uri?eid=2-s2.0-84897963193&partnerID=40&md5=d4445d8820b7c5737dfc391208bc385c
Claret L., Bruno R., Lu J.-F., Sun Y.-N., Hsu C.-P.,	https://www.scopus.com/inward/record.uri?eid=2-s2.0-84897020973&partnerID=40&md5=f12d6eb8b815678392c7ea4d1e1ad2e8
Banghart M., Fuller K.,	https://www.scopus.com/inward/record.uri?eid=2-s2.0-84904012559&partnerID=40&md5=d239e954a8d4603116f7f6e0de886ff9
Menon M.E., Terkla D.G., Gibbs P.,	https://www.scopus.com/inward/record.uri?eid=2-s2.0-84920628526&partnerID=40&md5=a0bc47286c63505d9853ecf297ca7f7a
Wang J., Jiang L., Cai H.,	https://www.scopus.com/inward/record.uri?eid=2-s2.0-84920733214&partnerID=40&md5=62c80873bf0e038fd081e76c430b7b9e
Sarstedt M., Ringle C.M., Henseler J., Hair J.F.,	https://www.scopus.com/inward/record.uri?eid=2-s2.0-84901686691&partnerID=40&md5=0d4ccb6dc16b9ba5af6b6193245a6114
Park J.-Y., Kug J.-S., Park Y.-G.,	https://www.scopus.com/inward/record.uri?eid=2-s2.0-84900325357&partnerID=40&md5=255e7c79f025dfd7103027ac049150a3
Baart F., Ha J., Van Dam A., Donchyts G., Siemerink M.,	https://www.scopus.com/inward/record.uri?eid=2-s2.0-84911917201&partnerID=40&md5=d9b4ce5241bb02504183d082818dc5f6
Guillaume J.H.A., Kummu M., Porkka M., Varis O.,	https://www.scopus.com/inward/record.uri?eid=2-s2.0-84911892376&partnerID=40&md5=ed3ec4ba6e03f97d452a36393db9ebe3
Hamarat C., Kwakkel J.H., Pruyt E., Loonen E.T.,	https://www.scopus.com/inward/record.uri?eid=2-s2.0-84902535735&partnerID=40&md5=2c23231d6d6b5d29e242aece9f8f11b7
Chen X., Jousselme A.-L., Valin P., Kirubarajan T.,	https://www.scopus.com/inward/record.uri?eid=2-s2.0-84890820243&partnerID=40&md5=5fc7e8e6ad053c33ff33266787bae990
Viappiani P., Kroer C.,	https://www.scopus.com/inward/record.uri?eid=2-s2.0-84890034750&partnerID=40&md5=6778131dcb8a3073df18b73e493aa24d
Kerdels J., Peters G.,	https://www.scopus.com/inward/record.uri?eid=2-s2.0-84888421661&partnerID=40&md5=7eab8d1449e1190e27dfedb8075a36a2
Wang P., Gerst M.D., Borsuk M.E.,	https://www.scopus.com/inward/record.uri?eid=2-s2.0-84888326915&partnerID=40&md5=b99f0c2b9940fa4a01b4a385529c6935
Ingram R.,	https://www.scopus.com/inward/record.uri?eid=2-s2.0-84889084767&partnerID=40&md5=41ccb3245657473787b1bd8a72fe30f0
Mostafa S.A., Ahmad M.S., Annamalai M., Ahmad A., Basheer G.S.,	https://www.scopus.com/inward/record.uri?eid=2-s2.0-84894681535&partnerID=40&md5=669e5aa3cec1a746fa45f6f285d0b79c
Campbell T., Seok Oh P., Neilson D.,	https://www.scopus.com/inward/record.uri?eid=2-s2.0-84898333195&partnerID=40&md5=2555ff9ec7a0baf09761198b2a2e0dde
Kim Y., Chung E.-S.,	https://www.scopus.com/inward/record.uri?eid=2-s2.0-84885419715&partnerID=40&md5=c08afec64fa5e915b301e34440ca0018
Bach P.M., Deletic A., Urich C., Sitzenfrei R., Kleidorfer M., Rauch W., McCarthy D.T.,	https://www.scopus.com/inward/record.uri?eid=2-s2.0-84886584847&partnerID=40&md5=5002872d1be916aa3032d52cc2fa3d19
Swartz P.G., Zegras P.C.,	https://www.scopus.com/inward/record.uri?eid=2-s2.0-84885216749&partnerID=40&md5=fcffeac0302740bd23f6e07f28554dd4
Dalal S., Han B., Lempert R., Jaycocks A., Hackbarth A.,	https://www.scopus.com/inward/record.uri?eid=2-s2.0-84880349947&partnerID=40&md5=8fdca4b23e40fbaff6a77a27157a513b
Bicanski A., Ryczko D., Cabelguen J.-M., Ijspeert A.J.,	https://www.scopus.com/inward/record.uri?eid=2-s2.0-84885638754&partnerID=40&md5=e6fc241011304f0726bc5253207d15ec
Campbell T., Oh P.S., Neilson D.,	https://www.scopus.com/inward/record.uri?eid=2-s2.0-84944902467&partnerID=40&md5=e39bb501fa82d55146ad0e48f06a55ab
Santini M., Valentini R., Cervigni R.,	https://www.scopus.com/inward/record.uri?eid=2-s2.0-84884256921&partnerID=40&md5=b60db0fccc59208ab43db74062b9ed8e
Eker S., Van Daalen E.,	https://www.scopus.com/inward/record.uri?eid=2-s2.0-84883898253&partnerID=40&md5=f2dee51fe16b947e8e37c8c659ea4972
Martin J., Cheng D.,	https://www.scopus.com/inward/record.uri?eid=2-s2.0-84883187501&partnerID=40&md5=529d04b73ecf3890bc2880172c3f0849
Bertoluci G., Boucquet J.C., Petetin F.,	https://www.scopus.com/inward/record.uri?eid=2-s2.0-84951983257&partnerID=40&md5=ff7109624c685695ed8913ef82b5cf9b
De Haan F.J., Ferguson B.C., Deletic A., Brown R.R.,	https://www.scopus.com/inward/record.uri?eid=2-s2.0-84881539429&partnerID=40&md5=6f16636cf089dfd44dfb2fe15114e4e1
Sentz K., Hemez F.M.,	https://www.scopus.com/inward/record.uri?eid=2-s2.0-84881218358&partnerID=40&md5=21d0e6e57bff0d300d36d293605cdc3c
Lambert J.H., Wu Y.-J., You H., Clarens A., Smith B.,	https://www.scopus.com/inward/record.uri?eid=2-s2.0-84879735572&partnerID=40&md5=283b0b76e5c3b0fa7fd05f1ffa5bfe49
Banerjee O., Bark R., Connor J., Crossman N.D.,	https://www.scopus.com/inward/record.uri?eid=2-s2.0-84877110300&partnerID=40&md5=641edb21dc473cb346b81b5d6d5d292c
Yang Y., Wu J., Yu J., Lin J., Shi X., Wu J.,	https://www.scopus.com/inward/record.uri?eid=2-s2.0-84880380965&partnerID=40&md5=0aa90e4a1f16008a3b100cfdea7f3be0
Papadelis S., Flamos A., Psarras J.,	https://www.scopus.com/inward/record.uri?eid=2-s2.0-84879390451&partnerID=40&md5=fd12761207df807ea1df7a9712e20d57
Matrosov E.S., Woods A.M., Harou J.J.,	https://www.scopus.com/inward/record.uri?eid=2-s2.0-84878442872&partnerID=40&md5=65aa4f05d249c6b7836436156c0578f2
Groves D.G., Sharon C.,	https://www.scopus.com/inward/record.uri?eid=2-s2.0-84883182173&partnerID=40&md5=9d260958f4c97d2c99a2764a261a0429
Gerst M.D., Wang P., Borsuk M.E.,	https://www.scopus.com/inward/record.uri?eid=2-s2.0-84876884540&partnerID=40&md5=c33c2c313891a7c173df2ec7c64c0899
Pfaff M.S., Klein G.L., Drury J.L., Moon S.P., Liu Y., Entezari S.O.,	https://www.scopus.com/inward/record.uri?eid=2-s2.0-84883417333&partnerID=40&md5=71105d75c818bebe58172a566f53f564
Alon N., Emek Y., Feldman M., Tennenholtz M.,	https://www.scopus.com/inward/record.uri?eid=2-s2.0-84876943607&partnerID=40&md5=3d20a37ea99eecf146fded49dac65449
Kwakkel J.H., Auping W.L., Pruyt E.,	https://www.scopus.com/inward/record.uri?eid=2-s2.0-84875376336&partnerID=40&md5=e5900a6518ae381652165b746a1854c7
Kunreuther H., Heal G., Allen M., Edenhofer O., Field C.B., Yohe G.,	https://www.scopus.com/inward/record.uri?eid=2-s2.0-84877050337&partnerID=40&md5=d7af805ee560af8459a0e60729313a72
Kasprzyk J.R., Nataraj S., Reed P.M., Lempert R.J.,	https://www.scopus.com/inward/record.uri?eid=2-s2.0-84874529980&partnerID=40&md5=a7351fa7dbfbcfbcdaff6f2ef4db29d5
Jenab K., Sarfaraz A., Ameli M.T.,	https://www.scopus.com/inward/record.uri?eid=2-s2.0-84875181174&partnerID=40&md5=dc6e572c964971f26a1086d72d9ada59
Mwampamba T.H., Ghilardi A., Sander K., Chaix K.J.,	https://www.scopus.com/inward/record.uri?eid=2-s2.0-84875605093&partnerID=40&md5=f705d2d3f32f470450ef572561bffc2f
Brown M.A., Clarkson B.D., Barton B.J., Joshi C.,	https://www.scopus.com/inward/record.uri?eid=2-s2.0-84875380537&partnerID=40&md5=61bda09d497e4654a0d5c3cbb90f4327
Kwakkel J.H., Pruyt E.,	https://www.scopus.com/inward/record.uri?eid=2-s2.0-84873988228&partnerID=40&md5=3945d70ddfaf3e069fd406b3596280fd
Hamarat C., Kwakkel J.H., Pruyt E.,	https://www.scopus.com/inward/record.uri?eid=2-s2.0-84873998847&partnerID=40&md5=2df81ded36d1fe1d48992539e48d21ca
Comes T., Wijngaards N., Schultmann F.,	https://www.scopus.com/inward/record.uri?eid=2-s2.0-84886656496&partnerID=40&md5=8c7daa894b1a4b249a28e17aa484498e
Comes T., Wijngaards N., Hiete M., Conrado C., Schultmann F.,	https://www.scopus.com/inward/record.uri?eid=2-s2.0-84949422615&partnerID=40&md5=9b1d1ae1c16cab042059e3d38d3b75ff
Besseris G.J.,	https://www.scopus.com/inward/record.uri?eid=2-s2.0-84872338625&partnerID=40&md5=2b01d42e35778b79f94bc219c194623f
Rysanek A.M., Choudhary R.,	https://www.scopus.com/inward/record.uri?eid=2-s2.0-84871811489&partnerID=40&md5=097cb630baa5e229806ae069e07b863b
Walker W.E., Haasnoot M., Kwakkel J.H.,	https://www.scopus.com/inward/record.uri?eid=2-s2.0-84879306495&partnerID=40&md5=2676a1be4f1f6954dd48cf525e936b73
Matrosov E.S., Padula S., Harou J.J.,	https://www.scopus.com/inward/record.uri?eid=2-s2.0-84873746718&partnerID=40&md5=ec4debcc836ddc6f0e9efe12fc2de0bf
[No author name available],	https://www.scopus.com/inward/record.uri?eid=2-s2.0-84897402177&partnerID=40&md5=86a468d9663fc594c9f725f139a9aff2
Galdino S.,	https://www.scopus.com/inward/record.uri?eid=2-s2.0-84903650359&partnerID=40&md5=8b067e05dd6f3c388ccf5384fcfae79b
Qin L., Sidiropoulos M., Spyromitros E.,	https://www.scopus.com/inward/record.uri?eid=2-s2.0-84870687701&partnerID=40&md5=af55134db8b24474cd420af9a5b49808
Drury J.L., Klein G.L., Mathieu J., Liu Y., Pfaff M.S.,	https://www.scopus.com/inward/record.uri?eid=2-s2.0-84905653115&partnerID=40&md5=09e1a57cea8c938096c454f1445a150b
Norouzilame F., Jackson M.,	https://www.scopus.com/inward/record.uri?eid=2-s2.0-84929991772&partnerID=40&md5=b0f81a286ab9a157c72fcd91858bd839
Soroudi A., Ehsan M.,	https://www.scopus.com/inward/record.uri?eid=2-s2.0-84878337624&partnerID=40&md5=d754dcd1115bbf26d3d671c275b760bd
Celik N., Thanos A.E., Saenz J.P.,	https://www.scopus.com/inward/record.uri?eid=2-s2.0-84897017328&partnerID=40&md5=60f947814b218e3b97911c194886f7b4
Johnson F.A., Ken Williams B., Nichols J.D.,	https://www.scopus.com/inward/record.uri?eid=2-s2.0-84880843866&partnerID=40&md5=9ba58fe85cb00d56dde47f6b37214419
Forster S., Pinggera J., Weber B.,	https://www.scopus.com/inward/record.uri?eid=2-s2.0-84924297694&partnerID=40&md5=0b8144947d7f6caf5f3b23f0aa0499ed
Tsilipanos K., Neokosmidis I., Varoutas D.,	https://www.scopus.com/inward/record.uri?eid=2-s2.0-84874650576&partnerID=40&md5=41c185dfecf4cbd2d1ac60e5e3e58125
Comfort L.K., Colella B., Voortman M., Connelly S., Drury J.L., Klein G.L., Wukich C.,	https://www.scopus.com/inward/record.uri?eid=2-s2.0-84905643480&partnerID=40&md5=7d1594da4b53642f3ed8f87295cc6871
Bollinger L.A.,	https://www.scopus.com/inward/record.uri?eid=2-s2.0-84900301723&partnerID=40&md5=98f499ddf4b84645800afa4618df11b1
Civan F., Michel G., Sigal R.,	https://www.scopus.com/inward/record.uri?eid=2-s2.0-84897562170&partnerID=40&md5=c39f5023b77aae012841ed3430131bef
Bradley S.L., Siddall M., Milne G.A., Masson-Delmotte V., Wolff E.,	https://www.scopus.com/inward/record.uri?eid=2-s2.0-84870536622&partnerID=40&md5=5b8cf823fd71aa63586cf9367ada23a7
Wardekker J.A., De Jong A., Van Bree L., Turkenburg W.C., Van Der Sluijs J.P.,	https://www.scopus.com/inward/record.uri?eid=2-s2.0-84870232194&partnerID=40&md5=76e793866e8768a075f8a564a897656a
Kasprzyk J.R., Nataraj S., Reed P.M., Lempert R.J.,	https://www.scopus.com/inward/record.uri?eid=2-s2.0-84894190082&partnerID=40&md5=72f632da0f2c38008904ec3962dbc96a
Chatti N., Gehin A.L., Ould-Bouamama B.,	https://www.scopus.com/inward/record.uri?eid=2-s2.0-84882630365&partnerID=40&md5=cd7b9de6250a100eb3197da9221a074d
Yoon M., Lane-Visser T.,	https://www.scopus.com/inward/record.uri?eid=2-s2.0-84893001382&partnerID=40&md5=2af83a237c18eacf66196e60128cf02a
Mcdaniels T., Mills T., Gregory R., Ohlson D.,	https://www.scopus.com/inward/record.uri?eid=2-s2.0-84871172675&partnerID=40&md5=a1fe2bcadfb5a85f644ea8266b281124
Choi A., Xue Y., Darwiche A.,	https://www.scopus.com/inward/record.uri?eid=2-s2.0-84869090859&partnerID=40&md5=e9069b5639cfd7777416d9295e73a2ca
Domerçant J.C., Mavris D.N.,	https://www.scopus.com/inward/record.uri?eid=2-s2.0-84879748281&partnerID=40&md5=2407ff4fa9aaefe8ce491430b5ad1fa5
Dougherty M.R., Thomas R.P.,	https://www.scopus.com/inward/record.uri?eid=2-s2.0-84864316954&partnerID=40&md5=464990725b5422fe9094213bfbe6c0b2
Gerst M.D., Wang P., Roventini A., Dosi G., Howarth R.B., Borsuk M.E.,	https://www.scopus.com/inward/record.uri?eid=2-s2.0-84894132926&partnerID=40&md5=b49c3b1d71d4e3c41dd0119695c781d4
Minoves M.,	https://www.scopus.com/inward/record.uri?eid=2-s2.0-84883535708&partnerID=40&md5=78a208ca76390307e58f1ed3cd6021a0
Esh D., Grossman C., Parks L.,	https://www.scopus.com/inward/record.uri?eid=2-s2.0-84873189257&partnerID=40&md5=78a243e932471fa9b14d94483e3036c2
Kwakkel J.H., Timmermans J.S.,	https://www.scopus.com/inward/record.uri?eid=2-s2.0-84894155771&partnerID=40&md5=74bcbc493ff46f70b2ecf1c5d1232476
Shahrestani M., Yao R., Cook G.K.,	https://www.scopus.com/inward/record.uri?eid=2-s2.0-84872013858&partnerID=40&md5=d5d6865c59c3e67a35d97b220a8519d1
Gerst M.D., Ding P., Howarth R.B., Borsuk M.E.,	https://www.scopus.com/inward/record.uri?eid=2-s2.0-84894169127&partnerID=40&md5=dfc02778d14c6c234b1bf54d0596dfec
Rokkas T., Neokosmidis I., Katsianis D., Varoutas D.,	https://www.scopus.com/inward/record.uri?eid=2-s2.0-84871986867&partnerID=40&md5=826347e30bcc18911c7155693f31214d
Kwakkel J.H., Yücel G.,	https://www.scopus.com/inward/record.uri?eid=2-s2.0-84878373656&partnerID=40&md5=31b08f8de67bca0f0939bab39ae2994e
Zottola J., Darrow M., Daanen R., Fortier D., De Grandpré I.,	https://www.scopus.com/inward/record.uri?eid=2-s2.0-84872503353&partnerID=40&md5=a73bc4516ca0e576c6ed4e6200970a2d
Kwakkel J., Haasnoot M.,	https://www.scopus.com/inward/record.uri?eid=2-s2.0-84894168128&partnerID=40&md5=a662ec78f59ec13a8a08f7c80231f9a5
Consolo F., Gaetano L., Di Benedetto G., Hunt C.A., Montevecchi F.M., Morbiducci U.,	https://www.scopus.com/inward/record.uri?eid=2-s2.0-84892111424&partnerID=40&md5=b88a0d8d5d7edd874c32576c9bd11684
O'Leary R.A., Choy S.L., Hu W., Mengersen K.L.,	https://www.scopus.com/inward/record.uri?eid=2-s2.0-84949908616&partnerID=40&md5=bc5289b75ed93c9eee6eb1a6b5d9aa61
Han Z.-G., Chen G., Luo J.-Z.,	https://www.scopus.com/inward/record.uri?eid=2-s2.0-84872959813&partnerID=40&md5=6d8dc5d9fc2b585cbda8d48912ff8da0
Tamparopoulos A.E., Spyridis P., Bergmeister K.,	https://www.scopus.com/inward/record.uri?eid=2-s2.0-84874535965&partnerID=40&md5=06c00acc4d2ac644832f6560bcb5bdf1
Chatti N., Gehin A.-L., Merzouki R., Bouamama B.O., Touati Y.,	https://www.scopus.com/inward/record.uri?eid=2-s2.0-84867061168&partnerID=40&md5=5a3edf73d5ebd3e8765d2aa42391a00a
Hall J.W., Lempert R.J., Keller K., Hackbarth A., Mijere C., Mcinerney D.J.,	https://www.scopus.com/inward/record.uri?eid=2-s2.0-84866991683&partnerID=40&md5=6b6ac75a3ecacd0c0c28c39144a01979
Klein G.,	https://www.scopus.com/inward/record.uri?eid=2-s2.0-84867754938&partnerID=40&md5=a1fc9af1556810011fb2e72129936551
Nassopoulos H., Dumas P., Hallegatte S.,	https://www.scopus.com/inward/record.uri?eid=2-s2.0-84865832587&partnerID=40&md5=b96443fffbe0e78f507ff686e95305e8
Cox L.A.T.,	https://www.scopus.com/inward/record.uri?eid=2-s2.0-84866990641&partnerID=40&md5=d4bc572dffd1d2e69303b06dde30a6c4
Ben-Haim Y.,	https://www.scopus.com/inward/record.uri?eid=2-s2.0-84867021563&partnerID=40&md5=ee5278d00bcd6196eb22a5493a6e4673
Atkinson G., Bateman I., Mourato S.,	https://www.scopus.com/inward/record.uri?eid=2-s2.0-84867297408&partnerID=40&md5=d3f22d37053782ef3a2f1c67552f57b8
Hamilton D.A., Brink G.,	https://www.scopus.com/inward/record.uri?eid=2-s2.0-84865793634&partnerID=40&md5=d26d9d50e24abe7f26e2380915bde19e
Lim A.E.B., Shanthikumar J.G., Vahn G.-Y.,	https://www.scopus.com/inward/record.uri?eid=2-s2.0-84866376657&partnerID=40&md5=49566defbdbd56221af2f0765f535abf
Venkatesh A., Jaramillo P., Griffin W.M., Matthews H.S.,	https://www.scopus.com/inward/record.uri?eid=2-s2.0-84865137458&partnerID=40&md5=8cd6469fbe9e99f20f34cb9321a0fd7b
Chauvenet A.L.M., Ewen J.G., Armstrong D.P., Coulson T., Blackburn T.M., Adams L., Walker L.K., Pettorelli N.,	https://www.scopus.com/inward/record.uri?eid=2-s2.0-84864011929&partnerID=40&md5=67e37935b85fdc80524d0f4f360810b2
Taneja P., Bijloo E.M., Ruitenberg J., Van Schuylenburg M.,	https://www.scopus.com/inward/record.uri?eid=2-s2.0-84865232582&partnerID=40&md5=96af4f65b4b5900bc91eb227685b3af8
Ranger N., Niehörster F.,	https://www.scopus.com/inward/record.uri?eid=2-s2.0-84865794995&partnerID=40&md5=e48fef2ca507cacffaba1255b0e31b57
Kwakkel J.H., Walker W.E., Marchau V.A.W.J.,	https://www.scopus.com/inward/record.uri?eid=2-s2.0-84864047618&partnerID=40&md5=42f9f92792b5d24c38bccaa1cfedbdeb
Stevenson M., Pandor A.,	https://www.scopus.com/inward/record.uri?eid=2-s2.0-84862569203&partnerID=40&md5=3294164b28ed0d7da060125811540525
Kasprzyk J.R., Reed P.M., Characklis G.W., Kirsch B.R.,	https://www.scopus.com/inward/record.uri?eid=2-s2.0-84859108005&partnerID=40&md5=b3936099838febe585389175b55d747d
Lambert J.H., Karvetski C.W., Spencer D.K., Sotirin B.J., Liberi D.M., Zaghloul H.H., Koogler J.B., Hunter S.L., Goran W.D., Ditmer R.D., Linkov I.,	https://www.scopus.com/inward/record.uri?eid=2-s2.0-84861888662&partnerID=40&md5=f62e61b4f5b8edbca5fde575ed0c4bdd
Kang H.-Y., Lee A.H.I., Chang C.-C., Kang M.-S.,	https://www.scopus.com/inward/record.uri?eid=2-s2.0-84861084131&partnerID=40&md5=6ed364879813cc6bd283fa206131912a
Razi Kazemi A.A., Dehghanian P.,	https://www.scopus.com/inward/record.uri?eid=2-s2.0-84857194860&partnerID=40&md5=5307989a60f7f56a3c14ab712bea0c42
Amin R., Ritter E., Kennedy P.,	https://www.scopus.com/inward/record.uri?eid=2-s2.0-84866167279&partnerID=40&md5=b9bf0cf69a1103088bbec78015140497
Tretter F., an der Heiden U., Rujescu D., Pogarell O.,	https://www.scopus.com/inward/record.uri?eid=2-s2.0-84865638631&partnerID=40&md5=0a3dfe6cc497d8078de6c2c302624f0b
Holzkämper A., Kumar V., Surridge B.W.J., Paetzold A., Lerner D.N.,	https://www.scopus.com/inward/record.uri?eid=2-s2.0-83055181975&partnerID=40&md5=763b7bc841bbf54a9451881b34f2db73
De Rocquigny E.,	https://www.scopus.com/inward/record.uri?eid=2-s2.0-84949787569&partnerID=40&md5=bd0a067d7a1eb1b1bacd46fda7aea671
Correia L., El-Ahmadi A., Molle B., Maia R., Oliveira I.,	https://www.scopus.com/inward/record.uri?eid=2-s2.0-84859615274&partnerID=40&md5=831d4572f471220870e6091a07dd5649
Wu K.-F., Jovanis P.P.,	https://www.scopus.com/inward/record.uri?eid=2-s2.0-84856096493&partnerID=40&md5=7c8a1a7137caa040dd3d726ba1b8c512
Petkovsek S., Shakya R., Shin Y.H., Gautam P., Norton A., Ahlgren D.J.,	https://www.scopus.com/inward/record.uri?eid=2-s2.0-84856983509&partnerID=40&md5=ff21beedd169a61a9b46f6954f888016
Yang F., Sun J.-B., Lu Y.,	https://www.scopus.com/inward/record.uri?eid=2-s2.0-84863277712&partnerID=40&md5=8353c96f20ee2c88acb45a44e667d72a
Drury J.L., Klein G.L., Pfaff M.S., Entezari S.O.,	https://www.scopus.com/inward/record.uri?eid=2-s2.0-84905593765&partnerID=40&md5=c606f42a43884c41c4769d67a2aecfe1
Sáenz J.P., Celik N., Asfour S., Xi H., Son Y.-J.,	https://www.scopus.com/inward/record.uri?eid=2-s2.0-84900318949&partnerID=40&md5=36e65583e553c2884992328e00d4c0fc
Azizi A., Ali A.Y.B., Ping L.W.,	https://www.scopus.com/inward/record.uri?eid=2-s2.0-84860853274&partnerID=40&md5=71bbd6d0ac450d7266895d3a5ccce51f
Carroll C., Stevenson M., Scope A., Evans P., Buckley S.,	https://www.scopus.com/inward/record.uri?eid=2-s2.0-82455163668&partnerID=40&md5=bd7e891bfdf4ac5adeccfd31530d6991
Comes T., Conrado C., Dalmas T., Wijngaards N., Schultmann F.,	https://www.scopus.com/inward/record.uri?eid=2-s2.0-84874008378&partnerID=40&md5=fb57afabdce5cc14217225269cc03e17
Stakhiv E.Z.,	https://www.scopus.com/inward/record.uri?eid=2-s2.0-83055172715&partnerID=40&md5=a62b42b50a4067741c77a5c8e7753951
Pant R., Barker K.,	https://www.scopus.com/inward/record.uri?eid=2-s2.0-84856720806&partnerID=40&md5=59b70443ae2582d1757c33248810a4c4
Mei S., Wang Y., Sun Z.,	https://www.scopus.com/inward/record.uri?eid=2-s2.0-84859860220&partnerID=40&md5=6b0f3464de63ea32918582f4bd378d28
Dehghanian P., Razi Kazemi A.A., Karami G.,	https://www.scopus.com/inward/record.uri?eid=2-s2.0-84855443581&partnerID=40&md5=5c70d9a587008bf4dae09be29fc7743c
Pedrasa J.R., Seneviratne A.P.,	https://www.scopus.com/inward/record.uri?eid=2-s2.0-84857854661&partnerID=40&md5=f8a243e85dac6fd8cc8b3bca10511d28
Grobler F., Elkington T., Rendu J.-M.,	https://www.scopus.com/inward/record.uri?eid=2-s2.0-84865581439&partnerID=40&md5=81cce2cfb03ece89143920a4bad36a49
Liu T., Wilkinson S.,	https://www.scopus.com/inward/record.uri?eid=2-s2.0-84855679801&partnerID=40&md5=bb261ad44b2603acd7e76f487d89df68
Kelly A., Burrows R.,	https://www.scopus.com/inward/record.uri?eid=2-s2.0-84861792528&partnerID=40&md5=147203f3f227f6d151ebac90a5b39129
Testolin R.,	https://www.scopus.com/inward/record.uri?eid=2-s2.0-84855820730&partnerID=40&md5=2099c86d86f36b3c4fa36c78a53041d6
?atek M.M., Mussavi Rizi S.M.,	https://www.scopus.com/inward/record.uri?eid=2-s2.0-80054926877&partnerID=40&md5=5f7f858029dcaabd157e043f1a36d51f
[No author name available],	https://www.scopus.com/inward/record.uri?eid=2-s2.0-80054958520&partnerID=40&md5=d791f811aff854531d515fe74d498c8b
Hamarat C., Pruyt E.,	https://www.scopus.com/inward/record.uri?eid=2-s2.0-80053349557&partnerID=40&md5=6308a0b94366c9f27a62a13c887de264
Carroll C., Stevenson M., Scope A., Evans P., Buckley S.,	https://www.scopus.com/inward/record.uri?eid=2-s2.0-84891680684&partnerID=40&md5=a389f4a0ba72fe41efd243c24c32db67
Stanworth J.O., Edvardsson B., Hsu R.S.-W.,	https://www.scopus.com/inward/record.uri?eid=2-s2.0-80052230550&partnerID=40&md5=cd069bbf8b9a83b353870c3fac2a5b91
Landucci G., Tugnoli A., Busini V., Derudi M., Rota R., Cozzani V.,	https://www.scopus.com/inward/record.uri?eid=2-s2.0-79956339708&partnerID=40&md5=50e200d6379273f6269bd17473b81166
McJeon H.C., Clarke L., Kyle P., Wise M., Hackbarth A., Bryant B.P., Lempert R.J.,	https://www.scopus.com/inward/record.uri?eid=2-s2.0-79956301085&partnerID=40&md5=03ee6a559e6502d7dddd2f656b51dc6b
Yiougo L., Koanda H., Luethi C., Wéthé J.,	https://www.scopus.com/inward/record.uri?eid=2-s2.0-79959285635&partnerID=40&md5=2e0ce5162c5d82a3096fb4afc5613963
McDonald-Madden E., Baxter P.W.J., Possingham H.P.,	https://www.scopus.com/inward/record.uri?eid=2-s2.0-79958109244&partnerID=40&md5=2e3e724a05bc906786eb4c80bd40912c
Waage M.D., Kaatz L.,	https://www.scopus.com/inward/record.uri?eid=2-s2.0-79957959300&partnerID=40&md5=af8b6b03e0669a63d33548353aad928a
McGlone M.S., Hall G.M.J., Wilmshurst J.M.,	https://www.scopus.com/inward/record.uri?eid=2-s2.0-79957657110&partnerID=40&md5=225a00be2bc00adcd69f874f0ab959c2
Klein G.L., Drury J.L., Pfaff M.S.,	https://www.scopus.com/inward/record.uri?eid=2-s2.0-79956091068&partnerID=40&md5=68acfb79dc949302c657f75ed2b3a310
Gonzalez C., Madhavan P.,	https://www.scopus.com/inward/record.uri?eid=2-s2.0-79959333256&partnerID=40&md5=656203e407c1acc92aae6e69cbaafbde
Lin C., Wu E.M.-Y., Lee C.-N., Kuo S.-L.,	https://www.scopus.com/inward/record.uri?eid=2-s2.0-79955602733&partnerID=40&md5=a50a1d8579d6b7cc42e8853c34b6777b
Ebbels T.M., Lindon J.C., Coen M.,	https://www.scopus.com/inward/record.uri?eid=2-s2.0-79953754310&partnerID=40&md5=d4ef5b45fcba7b1cd163c237286f37ff
Reza B., Sadiq R., Hewage K.,	https://www.scopus.com/inward/record.uri?eid=2-s2.0-78650858064&partnerID=40&md5=8dd3dcdb1835e37072d93d5a6a748c87
Grüne-Yanoff T.,	https://www.scopus.com/inward/record.uri?eid=2-s2.0-79955712510&partnerID=40&md5=8556e6720cf4cfd8b6d57e246adcdec9
Kasaei S.H., Kasaei S.M., Kasaei S.A., Monadjemi S.A.,	https://www.scopus.com/inward/record.uri?eid=2-s2.0-79952381731&partnerID=40&md5=0d7a0749b6669eaa9025f1b6d529f54a
Lee S.,	https://www.scopus.com/inward/record.uri?eid=2-s2.0-78651378384&partnerID=40&md5=991427e0e681031b6076ebcfcef10068
Murphy C., Bastola S., Hall J., Harrigan S., Murphy N., Holman C.,	https://www.scopus.com/inward/record.uri?eid=2-s2.0-84857959240&partnerID=40&md5=e3964495e1ce01285b7e0827699ecda7
Zeeb F.D., Winstanley C.A.,	https://www.scopus.com/inward/record.uri?eid=2-s2.0-79951540364&partnerID=40&md5=0d0f33880565599342de9a41ae57c5a8
Zhao X., Lei Y.-L., Li Q., Zhu Y.-F.,	https://www.scopus.com/inward/record.uri?eid=2-s2.0-79954457123&partnerID=40&md5=2358f6c872ab34ab00097440b413c016
Stevenson M., Pandor A.,	https://www.scopus.com/inward/record.uri?eid=2-s2.0-78751636549&partnerID=40&md5=71eae3f7f7d200963bce38ec8b9fcf01
Liu Y., Moon S.P., Pfaff M.S., Drury J.L., Klein G.L.,	https://www.scopus.com/inward/record.uri?eid=2-s2.0-84905647841&partnerID=40&md5=f016983d8ee9f06e9645a7991b0eecd0
Matrosov E.S., Woods A., Harou J.J., Zhou K.,	https://www.scopus.com/inward/record.uri?eid=2-s2.0-84906237335&partnerID=40&md5=a4693078af7536e8628f9fb302334a63
Korteling B., Dessai S., Kapelan Z.,	https://www.scopus.com/inward/record.uri?eid=2-s2.0-84906231482&partnerID=40&md5=ca8b0e8808d2fece294e00017d47f736
[No author name available],	https://www.scopus.com/inward/record.uri?eid=2-s2.0-78650618421&partnerID=40&md5=c65e58a84558df0d2149955dfcb18a1b
Maxwell P., Maciejewski A.A., Siegel H.J., Potter J.,	https://www.scopus.com/inward/record.uri?eid=2-s2.0-78650600645&partnerID=40&md5=83f2f46c4dfab4ce11419b36d7eb94ef
Castiglia P., Singh A., Hoffpauir R., Mishra S., Lavenue M., Norvell S.,	https://www.scopus.com/inward/record.uri?eid=2-s2.0-84874257707&partnerID=40&md5=e63949bfbd6390faff15d5e3fa90cc08
Stakhiv E.Z.,	https://www.scopus.com/inward/record.uri?eid=2-s2.0-79551510840&partnerID=40&md5=788303ff7bac57b9ba8443610c0ca1dc
Scala N.M., Needy K.L., Rajgopal J.,	https://www.scopus.com/inward/record.uri?eid=2-s2.0-84880485039&partnerID=40&md5=82c93441a18308a367b83bb1dce50aab
Dieckmann C.A.,	https://www.scopus.com/inward/record.uri?eid=2-s2.0-84877880043&partnerID=40&md5=a8cd803d97740e1c8548ea4b88b5b02b
Grebici K., Hisarciklilar O., Thomson V.,	https://www.scopus.com/inward/record.uri?eid=2-s2.0-80055012476&partnerID=40&md5=a0e46b9afdbee03244f9f3817d20770b
Comes T., Hiete M., Wijngaards N., Schultmann F.,	https://www.scopus.com/inward/record.uri?eid=2-s2.0-79952094876&partnerID=40&md5=3bacc72672bd472ca3bf169e20188a19
Ermoliev Y., Makowski M., Marti K.,	https://www.scopus.com/inward/record.uri?eid=2-s2.0-79960067343&partnerID=40&md5=da59feaff76f3b0f09beddd251b8d924
Sathian B., Bhatt C.R., Jayadevan S., Ninan J., Baboo N.S., Sandeep G.,	https://www.scopus.com/inward/record.uri?eid=2-s2.0-78650687364&partnerID=40&md5=b39ac3ad8885befdcf627087746b3d3e
Gober P., Wentz E.A., Lant T., Tschudi M.K., Kirkwood C.W.,	https://www.scopus.com/inward/record.uri?eid=2-s2.0-79953285776&partnerID=40&md5=5fa594cd22343d0e83a77bbc68551e71
Böschen S., Kastenhofer K., Rust I., Soentgen J., Wehling P.,	https://www.scopus.com/inward/record.uri?eid=2-s2.0-77957280570&partnerID=40&md5=7dd34bbc52528e727a3b4a16ec055955
Gulpinar N., Canakoglu E., Thoms J.,	https://www.scopus.com/inward/record.uri?eid=2-s2.0-77958504511&partnerID=40&md5=304636d0d0da8027a7f2275f6d364a16
Liu F.,	https://www.scopus.com/inward/record.uri?eid=2-s2.0-77955863451&partnerID=40&md5=947c7d099201b62c42ecb5ab47db45d0
Arnold T.W.,	https://www.scopus.com/inward/record.uri?eid=2-s2.0-77955084450&partnerID=40&md5=eece44a58b97672f3acb12e70198c16a
Lempert R.J., Groves D.G.,	https://www.scopus.com/inward/record.uri?eid=2-s2.0-77953809303&partnerID=40&md5=d67b50426e9ce1f685b56bee974de374
Wang C.-H., Min K.J.,	https://www.scopus.com/inward/record.uri?eid=2-s2.0-77956546408&partnerID=40&md5=4e48d70d22d0feb6177e5314dafdea60
Charru M., Seynave I., Morneau F., Bontemps J.-D.,	https://www.scopus.com/inward/record.uri?eid=2-s2.0-77954951922&partnerID=40&md5=f20d9ac5aabbe0888da6a18a8ecd9b41
Kapoor R., Furby J., Hayton T., Smith K.J., Altmann D.R., Brenner R., Chataway J., Hughes R.A., Miller D.H.,	https://www.scopus.com/inward/record.uri?eid=2-s2.0-77953476309&partnerID=40&md5=1a5ba85d94212e01cfbb6bb7a4131353
Francis R.A., Goodman M.K.,	https://www.scopus.com/inward/record.uri?eid=2-s2.0-77950594372&partnerID=40&md5=7f052fb6569286ef29337e693f14fb0d
Le Q.B., Park S.J., Vlek P.L.G.,	https://www.scopus.com/inward/record.uri?eid=2-s2.0-77950690162&partnerID=40&md5=77a81fd3682321558cd1c6774290d7b8
Zacksenhouse M., Bogacz R., Holmes P.,	https://www.scopus.com/inward/record.uri?eid=2-s2.0-77949873882&partnerID=40&md5=02c6edfa8d2d5b511b50ea8d1320b219
Lee S.,	https://www.scopus.com/inward/record.uri?eid=2-s2.0-77950357192&partnerID=40&md5=d040772a72967a0b47e90e6a15af8bf7
Puretskiy A.A., Shutt G.L., Berry M.W.,	https://www.scopus.com/inward/record.uri?eid=2-s2.0-81355125697&partnerID=40&md5=d66506525cef01b182e418e2e051d96e
Azadeh A., Shirkouhi S.N., Rezaie K.,	https://www.scopus.com/inward/record.uri?eid=2-s2.0-77249177511&partnerID=40&md5=181e2d99e8209812410197bdc4569c0e
Levine P., Pearlman J.,	https://www.scopus.com/inward/record.uri?eid=2-s2.0-77249103506&partnerID=40&md5=e98ea8c1ccb42ceb96b8742bda566e9c
Isendahl N., Dewulf A., Pahl-Wostl C.,	https://www.scopus.com/inward/record.uri?eid=2-s2.0-77949267653&partnerID=40&md5=7a36dc4dd363d431233d846bd877a3ab
Massoudieh A., Crain C., Lambertini E., Nelson K.E., Barkouki T., L'Amoreaux P., Loge F.J., Ginn T.R.,	https://www.scopus.com/inward/record.uri?eid=2-s2.0-76349093369&partnerID=40&md5=11791cd5f07b61c6bec641c0cd247e16
Yilmaz L., Mitchell B.,	https://www.scopus.com/inward/record.uri?eid=2-s2.0-84885494892&partnerID=40&md5=b451df4e46acfe35f0796b3227adfa74
Joffe S., Truog R.D.,	https://www.scopus.com/inward/record.uri?eid=2-s2.0-84888289822&partnerID=40&md5=0c905d1c2102048b20cc9db159495009
Lempert R.J., Popper S.W., Bankes S.C.,	https://www.scopus.com/inward/record.uri?eid=2-s2.0-73549103383&partnerID=40&md5=20651e9c4895dae5cbe303b078297cb3
Mathieu J., Pfaff M., Klein G., Drury J., Geodecke M., James J., Mahoney P., Bobashev G.,	https://www.scopus.com/inward/record.uri?eid=2-s2.0-84905657026&partnerID=40&md5=8dd7ce4f031805deacedd741d13ac6ca
Bryant B.P., Lempert R.J.,	https://www.scopus.com/inward/record.uri?eid=2-s2.0-72149099073&partnerID=40&md5=113648699b02bbb73e89635feb54084f
Repperger D.W., Warm J.S., Vidulich M.A., Finomore V.S.,	https://www.scopus.com/inward/record.uri?eid=2-s2.0-74849114261&partnerID=40&md5=e4361ec890570edbc89753e9be83e276
Flamos A., Roupas C.V., Psarras J.,	https://www.scopus.com/inward/record.uri?eid=2-s2.0-79955696502&partnerID=40&md5=44b83bf08105cd5b324d8c65cd132300
Ancori B.,	https://www.scopus.com/inward/record.uri?eid=2-s2.0-77953601592&partnerID=40&md5=f8b25ce316e2f469dfe2e4f0c92538b2
Talton J.O., Gibson D., Yang L., Hanrahan P., Koltun V.,	https://www.scopus.com/inward/record.uri?eid=2-s2.0-77749271055&partnerID=40&md5=3e279f8777fcf5c7acc26c3bb63ba97f
Ting S., Chilukuri M.V.,	https://www.scopus.com/inward/record.uri?eid=2-s2.0-70449858780&partnerID=40&md5=27e6b2c9d6793d431257be2f21bc7612
Khalsa A.S., Boyd H., Slocum D.,	https://www.scopus.com/inward/record.uri?eid=2-s2.0-70349956418&partnerID=40&md5=2920d57f26f7d47e3f1c79a38fcbe026
Grossmann I.,	https://www.scopus.com/inward/record.uri?eid=2-s2.0-70449931818&partnerID=40&md5=4cfde941feddceaaef16a7b16f4e4be4
Agusdinata D.B., Van Der Pas J.W.G.M., Walker W.E., Marchau V.A.W.J.,	https://www.scopus.com/inward/record.uri?eid=2-s2.0-70349631880&partnerID=40&md5=6bfe45780efffe47f405295b1bfa1902
Besseris G.J.,	https://www.scopus.com/inward/record.uri?eid=2-s2.0-70349204503&partnerID=40&md5=fadad4c4b2c6cb6acb98d641fa6c3b3c
Lempert R., Scheffran J., Sprinz D.F.,	https://www.scopus.com/inward/record.uri?eid=2-s2.0-70349729861&partnerID=40&md5=1107de78ea2b53827592719f7b5e82c9
Ben-Haim Y., Zacksenhouse M., Keren C., Dacso C.C.,	https://www.scopus.com/inward/record.uri?eid=2-s2.0-67349218863&partnerID=40&md5=7f26f2059ac0d873dbc4fa08ceb70356
Zhang W., Wu H., Liu J., Zhu Y.-F., Li Q.,	https://www.scopus.com/inward/record.uri?eid=2-s2.0-68249114454&partnerID=40&md5=20ac427e768505c0751669cfb8082db5
Jammernegg W., Kischka P.,	https://www.scopus.com/inward/record.uri?eid=2-s2.0-61449152039&partnerID=40&md5=76c5b816b2971c2cc6b9d6a7fc6c7f6b
Rustem B., Howe M.,	https://www.scopus.com/inward/record.uri?eid=2-s2.0-84890618828&partnerID=40&md5=0e4e485f647f07ecf1aea1ca42bd5433
Patterson R., Pierce B., Bell H.H., Andrews D., Winterbottom M.,	https://www.scopus.com/inward/record.uri?eid=2-s2.0-84993708274&partnerID=40&md5=50704514287efcf7d147fb26b50c9f92
Drury J.L., More L., Pfaff M., Klein G.L.,	https://www.scopus.com/inward/record.uri?eid=2-s2.0-84905592116&partnerID=40&md5=a20ea784ac0ead2f56c17a9db0a62449
Di Domenica N., Lucas C., Mitra G., Valente P.,	https://www.scopus.com/inward/record.uri?eid=2-s2.0-58149231456&partnerID=40&md5=19b6a900d6efb87433a5458bda924e7e
Zarghami M., Szidarovszky F.,	https://www.scopus.com/inward/record.uri?eid=2-s2.0-59149091411&partnerID=40&md5=0c9d62ae95ba5c940ba71fc090acc38f
Karsak E.E., Özogul C.O.,	https://www.scopus.com/inward/record.uri?eid=2-s2.0-54049101718&partnerID=40&md5=48f2f568a177fcdf7c55168baf235df4
Stimson R.J., Robson A., Shyy T.-K.,	https://www.scopus.com/inward/record.uri?eid=2-s2.0-67349141790&partnerID=40&md5=8d36b4221781d3d8633383041c99f62d
Mazid A.Md., Islam M.F.,	https://www.scopus.com/inward/record.uri?eid=2-s2.0-58049129060&partnerID=40&md5=2542d657c8dad77db3b7a6cd0c1c5fa9
Bell S., Aitken V.,	https://www.scopus.com/inward/record.uri?eid=2-s2.0-57149129963&partnerID=40&md5=ed39a356de4753a6c4326106bb6d61b5
Grebici K., Goh Y.M., McMahon C.,	https://www.scopus.com/inward/record.uri?eid=2-s2.0-84861482420&partnerID=40&md5=aef9cff5c552898131306be60d475433
Wojtowicz R.L.,	https://www.scopus.com/inward/record.uri?eid=2-s2.0-58149117935&partnerID=40&md5=47ffb122491ed23dd7cf713763fa50e6
McDonald-Madden E., Baxter P.W.J., Possingham H.P.,	https://www.scopus.com/inward/record.uri?eid=2-s2.0-54349084124&partnerID=40&md5=9a674aec0d013466dc9e95ce7722700c
Sales G.L., Vasconcelos F.H.L., Filho J.A. de C., Pequeno M.C.,	https://www.scopus.com/inward/record.uri?eid=2-s2.0-58149138808&partnerID=40&md5=a5c94d946e0d8eb12a5bccc1fd198f2c
Batarseh O.G., Wang Y.,	https://www.scopus.com/inward/record.uri?eid=2-s2.0-60749084411&partnerID=40&md5=46651bbcb92e9147e052b2de514a1b69
Van Der Pas J.W.G.M., Agusdinata D.B., Walker W.E., Marchau V.A.W.J.,	https://www.scopus.com/inward/record.uri?eid=2-s2.0-77952396873&partnerID=40&md5=f04514f24f5f6705841b14f80d01fbb1
Holzkämper A., Surridge B., Paetzold A., Kumar V., N. Lerner D., Maltby L., Wainwright J., W. Anderson C., Harris R.,	https://www.scopus.com/inward/record.uri?eid=2-s2.0-84858308718&partnerID=40&md5=ce991ec6d56983e64f2c0a3077e70349
Staniswalis J.G.,	https://www.scopus.com/inward/record.uri?eid=2-s2.0-56049108588&partnerID=40&md5=d14f29e1889bb4d06000a383d04055ee
Beven K.,	https://www.scopus.com/inward/record.uri?eid=2-s2.0-55849095132&partnerID=40&md5=e7f5b4e45457270ddcbb90d7e85bcad5
Bader B.W., Puretskiy A.A., Berry M.W.,	https://www.scopus.com/inward/record.uri?eid=2-s2.0-55349085476&partnerID=40&md5=60e0650dbda56e89b298dedc75659c4b
Wisz M.S., Hijmans R.J., Li J., Peterson A.T., Graham C.H., Guisan A., Elith J., Dudík M., Ferrier S., Huettmann F., Leathwick J.R., Lehmann A., Lohmann L., Loiselle B.A., Manion G., Moritz C., Nakamura M., Nakazawa Y., Overton J.McC., Phillips S.J., Richardson K.S., Scachetti-Pereira R., Schapire R.E., Soberón J., Williams S.E., Zimmermann N.E.,	https://www.scopus.com/inward/record.uri?eid=2-s2.0-49249098476&partnerID=40&md5=d854f8f571f3ef9c58d4c9253ec40a13
Quinn P.F., Hewett C.J.M., Dayawansa N.D.K.,	https://www.scopus.com/inward/record.uri?eid=2-s2.0-48649092005&partnerID=40&md5=754068b0d054a61fef28ba7c026b75dd
Duncan S.J., Paredis C.J.J., Bras B.,	https://www.scopus.com/inward/record.uri?eid=2-s2.0-44349179867&partnerID=40&md5=91a6244af9d3b23467222998c23ac9d5
Assavapokee T., Realff M.J., Ammons J.C.,	https://www.scopus.com/inward/record.uri?eid=2-s2.0-42449139639&partnerID=40&md5=e72c3cb1dd1900437fefc45e8206325d
Stirling A.,	https://www.scopus.com/inward/record.uri?eid=2-s2.0-43249124624&partnerID=40&md5=bed852107b8b90f5296b3b6e238770e4
Perry G.L.W., Millington J.D.A.,	https://www.scopus.com/inward/record.uri?eid=2-s2.0-38849088066&partnerID=40&md5=c49a401f10271b92cf16fd1237856b14
Zarghami M., Szidarovszky F., Ardakanian R.,	https://www.scopus.com/inward/record.uri?eid=2-s2.0-39549088103&partnerID=40&md5=bf64683b623554ad8848829074521180
[No author name available],	https://www.scopus.com/inward/record.uri?eid=2-s2.0-84889765103&partnerID=40&md5=8e278af4bf98f1f43dcd353c366e8829
Van Der Pas J.W.G.M., Agusdinata D.B., Walker W.E., Marchau V.A.J.W.,	https://www.scopus.com/inward/record.uri?eid=2-s2.0-84893522915&partnerID=40&md5=1eb2f145378f2c56b1d487827f159253
Pennington D.D.,	https://www.scopus.com/inward/record.uri?eid=2-s2.0-36349026995&partnerID=40&md5=5c2618df98caac5844962f7d2bd11a3a
Agusdinata D.B., Dittmar L.,	https://www.scopus.com/inward/record.uri?eid=2-s2.0-47349115736&partnerID=40&md5=588d906e44858873afe1ba2edc9ee01c
Khodayar M.E., Ehsan M., Rahimikian A., Kamalinia S., Abbasi E.,	https://www.scopus.com/inward/record.uri?eid=2-s2.0-48349131760&partnerID=40&md5=63a16c0fb33b2b379065b33ad50bc951
Reilly W.S.N., Guarino S.L., Kellihan B.,	https://www.scopus.com/inward/record.uri?eid=2-s2.0-49749120613&partnerID=40&md5=b6742fdebef95374460d73920b3dc2ef
Samaniego L., Bárdossy A.,	https://www.scopus.com/inward/record.uri?eid=2-s2.0-55849131118&partnerID=40&md5=1ea7f079406b1b359f3737b9e1ce292e
Al-Mamory S.O., Hong L.Z.,	https://www.scopus.com/inward/record.uri?eid=2-s2.0-48349122631&partnerID=40&md5=584534473c164698f6743e68ae3b8188
[No author name available],	https://www.scopus.com/inward/record.uri?eid=2-s2.0-47249103464&partnerID=40&md5=d5d85560400ad0cad8df63e91430798d
Goerger N.C., Goerger S.R., Griffin G.C., Teague E., Richmond P.W.,	https://www.scopus.com/inward/record.uri?eid=2-s2.0-84867795378&partnerID=40&md5=31186826bf8f8d7562f98a81c121640e
Lobo T.P., Cárcel G.H.,	https://www.scopus.com/inward/record.uri?eid=2-s2.0-56849104175&partnerID=40&md5=4eee66c91b623f45004c08716f77e666
Seliger G., Hecht M., Severengiz S., Mängel C.,	https://www.scopus.com/inward/record.uri?eid=2-s2.0-37749012090&partnerID=40&md5=694e12258aa7cb9db1afebe7cb106631
Lu Y., Wang X., Tang J.,	https://www.scopus.com/inward/record.uri?eid=2-s2.0-35548973441&partnerID=40&md5=72c1af23378a3b27c63f437f78f99e52
MacKinnon R.J.,	https://www.scopus.com/inward/record.uri?eid=2-s2.0-34548356969&partnerID=40&md5=dadd3cc04690696a8bda5c3e5f9aab52
Lempert R.J., Collins M.T.,	https://www.scopus.com/inward/record.uri?eid=2-s2.0-35448997206&partnerID=40&md5=6ccd083990b00b7fa2e19dc7a3d1e682
Zhou Y., Leung H.,	https://www.scopus.com/inward/record.uri?eid=2-s2.0-34248571358&partnerID=40&md5=c1c1cf3b26533c3f0b64491254dbb87e
Alejandro Bonilla F., Kleinfelter N., Cushman J.H.,	https://www.scopus.com/inward/record.uri?eid=2-s2.0-34247172058&partnerID=40&md5=23c08cf5573c91464c8561761078ecc4
Zhou S.-P., Li Q., Wang W.-P.,	https://www.scopus.com/inward/record.uri?eid=2-s2.0-34248674011&partnerID=40&md5=f7c8788db6eff00988ff153258d94e23
Groves D.G., Lempert R.J.,	https://www.scopus.com/inward/record.uri?eid=2-s2.0-33846838684&partnerID=40&md5=1df6e3e91c165d86dafecc1aba9029ed
Kwon S., Narayanan S.,	https://www.scopus.com/inward/record.uri?eid=2-s2.0-33750470047&partnerID=40&md5=226eac3a68d75219c2d778cdc0eb8aa2
Di Domenica N., Mitra G., Valente P., Birbilis G.,	https://www.scopus.com/inward/record.uri?eid=2-s2.0-33845863445&partnerID=40&md5=c7d149dae469bcabd94582e290a844c4
French J.,	https://www.scopus.com/inward/record.uri?eid=2-s2.0-33751530889&partnerID=40&md5=b77d2779aa63e7c17aadae31b1e60e7c
McKenna B., Gualtieri J., Elm W.,	https://www.scopus.com/inward/record.uri?eid=2-s2.0-84878806975&partnerID=40&md5=5fd1ab9d48a71ff0d1b8d39b4aa2820e
Duncan S.J., Aughenbaugh J.M., Paredis C.J.J., Bras B.,	https://www.scopus.com/inward/record.uri?eid=2-s2.0-33751331386&partnerID=40&md5=67de8bf162c124f0e938fbbb58bfcf1c
Cunningham S.W., De Haan A.R.C.,	https://www.scopus.com/inward/record.uri?eid=2-s2.0-33750453755&partnerID=40&md5=c41bfe0af67620ce3e4603903349923a
Hall J., Dawson R., Manning L., Walkden M., Dickson M., Sayers P.,	https://www.scopus.com/inward/record.uri?eid=2-s2.0-33750726083&partnerID=40&md5=0c5ca20f1bdcea5900b3e559a41c3a10
Davis P.K.,	https://www.scopus.com/inward/record.uri?eid=2-s2.0-33747367514&partnerID=40&md5=452a47ddfc96741959ed8d6b85c113ec
Djordjevic N., Morrison R.,	https://www.scopus.com/inward/record.uri?eid=2-s2.0-33747361015&partnerID=40&md5=c7bb4d8a521272915ed02d1e6a63bbda
Wahl S.A., Haunschild M.D., Oldiges M., Wiechert W.,	https://www.scopus.com/inward/record.uri?eid=2-s2.0-33746623003&partnerID=40&md5=6b07fdd90a7d3b9ca2e5edabfd498a11
Lempert R.J., Groves D.G., Popper S.W., Bankes S.C.,	https://www.scopus.com/inward/record.uri?eid=2-s2.0-33645811102&partnerID=40&md5=0e9a96e0c4c21dc5dee4d4fd830e76fe
Janoušek V., Kironský E.,	https://www.scopus.com/inward/record.uri?eid=2-s2.0-70749143209&partnerID=40&md5=bf0aeb3aadbb373fbdfe9e1c2109b755
Genus A., Coles A.-M.,	https://www.scopus.com/inward/record.uri?eid=2-s2.0-31344449858&partnerID=40&md5=1af26a263cea09f945b940b8c78a5e3d
Yannou B., Awedikian R.,	https://www.scopus.com/inward/record.uri?eid=2-s2.0-33244457274&partnerID=40&md5=130a2f365b93e690e69e65123faaa002
Veres S.M.,	https://www.scopus.com/inward/record.uri?eid=2-s2.0-79960732287&partnerID=40&md5=be0fed1391dbf613c1683a3da8514d39
Grundy C.L., Bond A., Watts L.G., Whitton J., Paulley A.,	https://www.scopus.com/inward/record.uri?eid=2-s2.0-33646553910&partnerID=40&md5=27514b4be47b0a04f4ba77828eddb03b
Hu H., Somiari S.B., Copper J., Everly R.D., Heckman C., Jordan R., Somiari R., Hooke J., Shriver C.D., Liebman M.N.,	https://www.scopus.com/inward/record.uri?eid=2-s2.0-26844522859&partnerID=40&md5=ea16b685b8aaa3e5125a5dc9a861d037
Clifford D.B., Evans S.R., Yang Y., Gulick R.M.,	https://www.scopus.com/inward/record.uri?eid=2-s2.0-27944476851&partnerID=40&md5=3f5062e7541f2e1672cab12298405e46
Mitra S., Washington S., Dumbaugh E., Meyer M.D.,	https://www.scopus.com/inward/record.uri?eid=2-s2.0-24944498390&partnerID=40&md5=51d509a3beac1715f00dcbf66ebba9ee
Regan H.M., Ben-Haim Y., Langford B., Wilson W.G., Lundberg P., Andelman S.J., Burgman M.A.,	https://www.scopus.com/inward/record.uri?eid=2-s2.0-23044493930&partnerID=40&md5=8cd3767266c3e5f4039df8e7b8f34f65
Nikkilä J., Roos C., Savia E., Kaski S.,	https://www.scopus.com/inward/record.uri?eid=2-s2.0-33644634187&partnerID=40&md5=60d761e9c3e7ab64cec5158fd2bcacc2
Doeschl-Wilson A.B., Ashmore P.E.,	https://www.scopus.com/inward/record.uri?eid=2-s2.0-19944410204&partnerID=40&md5=a0342311e83417920002aa268aef5062
Popper S.W., Lempert R.J., Bankes S.C.,	https://www.scopus.com/inward/record.uri?eid=2-s2.0-17044362640&partnerID=40&md5=3cb48d06cade4229c17094d29599c608
Gurnani A.P., Lewis K.,	https://www.scopus.com/inward/record.uri?eid=2-s2.0-20344385278&partnerID=40&md5=c609205826845bc033b3207271c223c1
Trojani F., Vanini P.,	https://www.scopus.com/inward/record.uri?eid=2-s2.0-5444275807&partnerID=40&md5=b4f82dd98e6e1173267c05b98527307e
Lim H.-W., Yun J.-E., Jang H.-M., Chai Y.-G., Yoo S.-I., Zhang B.-T.,	https://www.scopus.com/inward/record.uri?eid=2-s2.0-33645585834&partnerID=40&md5=fbd20d5ae3cf10ef62471274dddbe04f
Isnandar S., Ozveren C.S.,	https://www.scopus.com/inward/record.uri?eid=2-s2.0-1442303268&partnerID=40&md5=bf9d3ac6570189289a55708bd3f04730
Rose J.R., Turkett W.H., Huhns M.N., Roy S.S.,	https://www.scopus.com/inward/record.uri?eid=2-s2.0-7044285810&partnerID=40&md5=64f6c81446832f0f88150d50509ab09f
Veres S.M.,	https://www.scopus.com/inward/record.uri?eid=2-s2.0-1542349291&partnerID=40&md5=e2f597773c49beffef4fc70a8274a0b3
Auer M., Tschurtschenthaler T., Biffl S.,	https://www.scopus.com/inward/record.uri?eid=2-s2.0-84889587125&partnerID=40&md5=c1aea1f6db89949022459acfd4db4453
Sengul H., Barmada M.M.,	https://www.scopus.com/inward/record.uri?eid=2-s2.0-34248645397&partnerID=40&md5=28de56633d5ad8bb32f4e6847cc8b105
Lynch J.C., Brannon J.M., Hatfield K., Delfino J.J.,	https://www.scopus.com/inward/record.uri?eid=2-s2.0-0142057059&partnerID=40&md5=1d50e2dcb46e123f6cb4b1b839f9feb3
Redahan S., Lagerström L.,	https://www.scopus.com/inward/record.uri?eid=2-s2.0-0642369922&partnerID=40&md5=2659ddd4ede2e32b410ad44b6e395fc7
Unwin A., Volinsky C., Winkler S.,	https://www.scopus.com/inward/record.uri?eid=2-s2.0-0041562479&partnerID=40&md5=79f162e9152c5265d57ab7ea2eed3fc5
Craft L.L., Magyar T.M., Becker B.J., Feltz D.L.,	https://www.scopus.com/inward/record.uri?eid=2-s2.0-0037225336&partnerID=40&md5=87e689594fffe0e290f8dddf988502e9
Arellano-Garcia H., Martini W., Wendt M., Und P.L., Wozny G.,	https://www.scopus.com/inward/record.uri?eid=2-s2.0-1442334636&partnerID=40&md5=5debce38670e4ee23bc1d5eff749fb7c
Bissantz N., Munk A., Scholz A.,	https://www.scopus.com/inward/record.uri?eid=2-s2.0-0142074226&partnerID=40&md5=18b4d09496ae5aada17060c26779909f
Jablonowski M.,	https://www.scopus.com/inward/record.uri?eid=2-s2.0-84944745417&partnerID=40&md5=880847b533bb7ea2403985a2ad804eea
Minns C.K., Moore J.E.,	https://www.scopus.com/inward/record.uri?eid=2-s2.0-0037226273&partnerID=40&md5=d6e101f830baedfa12c3b2dd78154f5a
Bankes S., Lempert R., Popper S.,	https://www.scopus.com/inward/record.uri?eid=2-s2.0-0036433572&partnerID=40&md5=00bec13e843d7e449c10df48d85309c0
Baas A.C.W.,	https://www.scopus.com/inward/record.uri?eid=2-s2.0-0036836553&partnerID=40&md5=199432b84c96ad2cb992c48e816cefa4
Karsak E.E.,	https://www.scopus.com/inward/record.uri?eid=2-s2.0-0037056084&partnerID=40&md5=d67edc2e50e4c74d018048a61a65b1ed
Tennenholtz M.,	https://www.scopus.com/inward/record.uri?eid=2-s2.0-0242550408&partnerID=40&md5=28dec1a900125ca2d481756da5e6958f
Trojani F., Vanini P.,	https://www.scopus.com/inward/record.uri?eid=2-s2.0-5444254846&partnerID=40&md5=d77f5b2086604961dda7ba436d82308a
Crain T.P., Bishop R.H., Ely T.A.,	https://www.scopus.com/inward/record.uri?eid=2-s2.0-0036493899&partnerID=40&md5=250e9fe2dc69b84567024711912f3265
Richardson K.A.,	https://www.scopus.com/inward/record.uri?eid=2-s2.0-2942528909&partnerID=40&md5=e7f91116546916accc3bce2fc316d667
Flüeler T.,	https://www.scopus.com/inward/record.uri?eid=2-s2.0-0035703184&partnerID=40&md5=d4231efbe1d23b0e3238d32f14ea93b1
Faranda W.T.,	https://www.scopus.com/inward/record.uri?eid=2-s2.0-0035540726&partnerID=40&md5=0d8a5ea1e9855efe97d912e8f127d772
Ullman D.G.,	https://www.scopus.com/inward/record.uri?eid=2-s2.0-0035294735&partnerID=40&md5=915ab5542642d04c337ac9b7ebf4b97d
Hamarneh G.,	https://www.scopus.com/inward/record.uri?eid=2-s2.0-0034755701&partnerID=40&md5=e608f4d8f8d725579263c5a6d9c49537
Ramasesh R., Kulkarni S., Jayakumar M.,	https://www.scopus.com/inward/record.uri?eid=2-s2.0-0035210439&partnerID=40&md5=87dede780263a6af4cb65b6d68421452
Braglia M., Gabbrielli R.,	https://www.scopus.com/inward/record.uri?eid=2-s2.0-0034672918&partnerID=40&md5=c7696908dd8811145bf882cb7b4c7e93
Grain T., Bishop R.H., Ely T.A.,	https://www.scopus.com/inward/record.uri?eid=2-s2.0-84894460008&partnerID=40&md5=5773b8264d83427157a00316accf1d7c
Karsak E.Ertugrul,	https://www.scopus.com/inward/record.uri?eid=2-s2.0-0033714923&partnerID=40&md5=b2544c937695d38a6b74a70097a89af5
Karsak E.E.,	https://www.scopus.com/inward/record.uri?eid=2-s2.0-84951991702&partnerID=40&md5=40f0df93b69596ff80c7d925bdda2f52
Jones B., Dale R.G.,	https://www.scopus.com/inward/record.uri?eid=2-s2.0-0032708602&partnerID=40&md5=d9508d22c2a33fd2c37c0cb0cddcb266
Diaz M.P., Hubeny I.,	https://www.scopus.com/inward/record.uri?eid=2-s2.0-0038933159&partnerID=40&md5=0542d7c2b6f667915e398e5ef01cb261
Andersson C.A., Henrion R.,	https://www.scopus.com/inward/record.uri?eid=2-s2.0-0038705517&partnerID=40&md5=961b8757030ee0fc2782ce5d8c969491
Buznikov A.A., Gorokhov V.L., Logachev Ya.V., Andreev M.V.,	https://www.scopus.com/inward/record.uri?eid=2-s2.0-0032606215&partnerID=40&md5=48c5bfde07681ce19d2c52e78636e1ef
Ryan B.,	https://www.scopus.com/inward/record.uri?eid=2-s2.0-0032330584&partnerID=40&md5=07c1ac426d15ef190422fb7c5566a6fb
[No author name available],	https://www.scopus.com/inward/record.uri?eid=2-s2.0-84890539975&partnerID=40&md5=9668645e5c4a985ef8465b5ee20fc17d
Bankes S.,	https://www.scopus.com/inward/record.uri?eid=2-s2.0-84947778701&partnerID=40&md5=db2a018f60676848d99a8a021895390d
Bankes Steve,	https://www.scopus.com/inward/record.uri?eid=2-s2.0-0031634457&partnerID=40&md5=cf325bd336e85615245c75a46ff4e7c4
[No author name available],	https://www.scopus.com/inward/record.uri?eid=2-s2.0-84947713406&partnerID=40&md5=ff8723d53c83bc9da0f9a53e9694b8ee
Droogers P., Bouma J.,	https://www.scopus.com/inward/record.uri?eid=2-s2.0-0031284234&partnerID=40&md5=edbd7925c49102a2f89b40855303cc15
Knochenmus L.A., Robinson J.L.,	https://www.scopus.com/inward/record.uri?eid=2-s2.0-5844224413&partnerID=40&md5=a88863124faac3c536ab63b193e8c9d8
Raghavan C.V., Srichandan Babu R., Chand N., Srinivasa Rao P.N.,	https://www.scopus.com/inward/record.uri?eid=2-s2.0-0030181961&partnerID=40&md5=b05a3df49a2e7f49ddb4942d0734189f
Heggenes J., Saltveit S.J., Lingaas O.,	https://www.scopus.com/inward/record.uri?eid=2-s2.0-0030454197&partnerID=40&md5=f01c8936905ae6e091d6950cc28a26a2
Chang T.-S., Ward A.C.,	https://www.scopus.com/inward/record.uri?eid=2-s2.0-0029214497&partnerID=40&md5=6d17c5bf7527d7b58e88f244b6bf106a
Donald Gavin S., Ayton Geoffrey P.,	https://www.scopus.com/inward/record.uri?eid=2-s2.0-0028713776&partnerID=40&md5=69838df732ea365d0b98ad5ef614c190
Ferguson E., Payne T., Anderson N.,	https://www.scopus.com/inward/record.uri?eid=2-s2.0-0000993966&partnerID=40&md5=0ce4f7ebafcb7e5fe88ff2bdf3d7b850
Engelen G., White R., Uljee I.,	https://www.scopus.com/inward/record.uri?eid=2-s2.0-0027725739&partnerID=40&md5=6082d633921622a257d7b5ae204db821
Bouma J., Hack-ten Broeke M.J.D.,	https://www.scopus.com/inward/record.uri?eid=2-s2.0-0027458166&partnerID=40&md5=60d9d96cc0c0e34dfd5648f115a00e48
Hartman P.J.,	https://www.scopus.com/inward/record.uri?eid=2-s2.0-0027553134&partnerID=40&md5=e05297c33d5d3efff5037739d2fcff76
McIntyre Scott C., Higgins Lexis F., Couger J.Daniel,	https://www.scopus.com/inward/record.uri?eid=2-s2.0-0025211570&partnerID=40&md5=dfb254613c10479b4385227c0b7d3c22
McLaughlin E.W., Rao V.R.,	https://www.scopus.com/inward/record.uri?eid=2-s2.0-84995205946&partnerID=40&md5=256b528d04a9ecc4d10c90cc4bf4a392
Longley P.A., Dunn R.,	https://www.scopus.com/inward/record.uri?eid=2-s2.0-0023761556&partnerID=40&md5=b86682906091941af92ba45778fd5788
Stillinger F.H., Weber T.A.,	https://www.scopus.com/inward/record.uri?eid=2-s2.0-0001283516&partnerID=40&md5=a05207ead899809a3e1ef5ed9827a8c6
Jacobs S.V., Evans G.W., Catalano R., Dooley D.,	https://www.scopus.com/inward/record.uri?eid=2-s2.0-0342501427&partnerID=40&md5=f3fbf0193560ccb53707eda29018a463
Patton R.J., Linkens D.A.,	https://www.scopus.com/inward/record.uri?eid=2-s2.0-0016819450&partnerID=40&md5=aac3a6b8810cba98fd31c2c318e7ef45
